Bus Num,Bus Name,Sub ID,Sub Name,Sub Num
41452,OSTKNI12,Found on WECC map,Knight,52000131
41451,OSTKNI11,Found on WECC map,Knight,52000131
40700,GRIMAL21,3337414038,Grizzly Power,337414038
45197,MERIDINP,3337418010,Meridian,337418010
45096,ALVDIX11,3337411001,Dixonville,337411001
40708,GRIMAL25,3337414038,Grizzly Power,337414038
41046,MALSUM12,3337424493,Summer Lake,337424493
45040,CAPPON11,3337408690,Captain Jack,337408690
45095,DIXONVLE,3337411001,Dixonville,337411001
45041,CAPPON12,3337408690,Captain Jack,337408690
41043,SUMMER L,3337424493,Summer Lake,337424493
627202,TOWNSEND 2,,,
627201,TOWNSEND 1,,,
45199,DIXMER11,3337418010,Meridian,337418010
45042,CAPPON13,3337408690,Captain Jack,337408690
45043,CAPPON14,3337408690,Captain Jack,337408690
41056,PONSUM14,3337424717,Tacoma,337424717
41054,PONSUM13,3337424493,Summer Lake,337424493
45262,KFALLS,3341136828,COB Energy Facility,341136828
40714,ALVMAR11,3337406231,Alvey,337406231
627204,GARTOW12,,,
627206,GARTOW22,,,
45044,CAPPON15,3337408690,Captain Jack,337408690
45046,CAPPON16,3337408690,Captain Jack,337408690
41052,PONSUM12,3337424493,Summer Lake,337424493
41048,PONSUM11,3337421061,Ponderosa,337421061
45035,CAPTJACK,3337408690,Captain Jack,337408690
40706,GRIMAL24,3337417425,Malin,337417425
40704,GRIMAL23,3337417425,Malin,337417425
41044,MALSUM11,3337424493,Summer Lake,337424493
40688,MALIN R3,3337417425,Malin,337417425
40684,MALIN R1,3337417425,Malin,337417425
40687,MALIN,3337417425,Malin,337417425
627205,GARTOW21,,,
627203,GARTOW11,,,
40453,GAR2EAST,3337413294,Garrison,337413294
40451,GAR1EAST,3337413294,Garrison,337413294
40719,ASHMAR23,3337406571,Ashe,337406571
40051,ALVEY,3337406231,Alvey,337406231
40690,MALROU11,3337417425,Malin,337417425
40718,ASHMAR22,3337406571,Ashe,337406571
40696,MALROU21,3337417425,Malin,337417425
40591,GRIJOH12,3337414038,Grizzly Power,337414038
40593,GRIJOH22,3337415779,Keeler,337415779
40961,COUSCH21,3337422960,Schultz,337422960
40958,COUSCH11,3337422960,Schultz,337422960
41450,KNIGHT,Found on WECC map,Knight,52000131
40697,MALROU22,3337417425,Malin,337417425
30036,MAXTRA11,3337429215,Tracy,337429215
40720,BUCMAR11,3337408209,Buckley,337408209
40699,MARION,3337417576,Marion,337417576
30072,LOSMID13,3337418181,Midway Peaker (MIDWAY),337418181
45039,CAPOLI13,3337419925,Olinda,337419925
40837,PONDROSA,3337421061,Ponderosa,337421061
40941,SANTIAM,3337422861,Santiam,337422861
40716,ASHMAR21,3337406571,Ashe,337406571
40722,JOHMAR11,3337415584,John Day Ph,337415584
30005,ROUND MT,3337422310,Round Mountain,337422310
40381,ECHOLAKE,3337411565,Echo Lake,337411565
40096,BELL SC,3337407193,Bell,337407193
40710,GRIMAL26,3337414038,Grizzly Power,337414038
40711,ECHMAP11,3337417861,Mcloughlin,337417861
30027,OLIMAX12,3341136469,Maxwell,341136469
30032,TABVAC12,3337408507,Calpeak Vaca Dixon No. 1,337408507
41062,BELTAF11,3337411304,Dworshak,337411304
41058,RAVTAC11,3337424717,Tacoma,337424717
40869,RAVER,3337421613,Raver,337421613
51667,MLS 5C2W,3337417859,Mcleese Capacitor Station,337417859
50987,MLS 5C1W,3337417859,Mcleese Capacitor Station,337417859
40490,BUCGRI11,25000019,Greenbry,25000019
41060,RAVTAC12,3337424728,Taft,337424728
40834,PONDROSB,3337421061,Ponderosa,337421061
40155,BUCKLEY,3337408209,Buckley,337408209
40488,GRIZZ R3,3337414038,Grizzly Power,337414038
60240,MIDPOINT,3337418158,Midpoint,337418158
40702,GRIMAL22,3337414038,Grizzly Power,337414038
30018,ROUTAB21,3337422310,Round Mountain,337422310
30016,ROUTAB11,3337422310,Round Mountain,337422310
40964,ECHSCH11,3337411565,Echo Lake,337411565
40489,GRIZZLY,3337414038,Grizzly Power,337414038
40976,RAVSCH31,3337423081,Selle,337423081
40978,RAVSCH41,3337423081,Selle,337423081
43115,COYO M1,3337410234,Coyote Springs,337410234
45038,CAPOLI12,3337408690,Captain Jack,337408690
41051,TACOMA,3337424717,Tacoma,337424717
45029,BURNS,3337408315,Burns,337408315
40698,MALROU23,3337422310,Round Mountain,337422310
40712,ECHMAP12,3337417523,Maple Valley,337417523
40693,MAPLE VL,3337417523,Maple Valley,337417523
50880,SYA 5C2M,,,
50879,SYA 5C1M,,,
50596,MLS 5C3W,3337417859,Mcleese Capacitor Station,337417859
45036,CAPOLI11,3337408690,Captain Jack,337408690
40306,COVINGT5,3337410205,Covington,337410205
40989,SLATT,3337423497,Slatt,337423497
43123,COYOTE,3337410234,Coyote Springs,337410234
40629,LANE,3337416446,Lane,337416446
40302,COVINGT4,3337410205,Covington,337410205
40694,MALROU12,3337422310,Round Mountain,337422310
40500,COUHAN11,3337413746,Grand Coulee,337413746
40809,OSTRNDER,3337420092,Ostrander,337420092
44284,LONGHORN,,,
40973,SICKLER,3337423346,Sickler,337423346
40957,SCHULTZ,3337422960,Schultz,337422960
41401,ROCK CK,32008950,Rock Creek,32008950
43485,ROUND BU,3337422305,Round Butte,337422305
30015,TABLE MT,3337424710,Table Mt.,337424710
40499,HANFORD,3337414242,Hanford,337414242
41113,VANTAGE,3337431517,Vantage,337431517
40827,PEARL,3337420488,Pearl,337420488
30035,TRACY,3337429215,Tracy,337429215
18440,MIRANT,3337406394,Apex (MIR),337406394
40913,SACJAWEA,3337422524,Sacajawea,337422524
40917,SACJWA T,3337422524,Sacajawea,337422524
18400,SLHWK,3337423407,Silverhawk,337423407
40459,GARRISON,3337413294,Garrison,337413294
40666,CEN FERY,Found Sub,Central Ferry,52000118
40962,COUSCH22,3337422960,Schultz,337422960
40960,COUSCH12,3337422960,Schultz,337422960
18437,LENZ CB1,3337409143,Charles Lenzie,337409143
18438,LENZ CB2,3337409143,Charles Lenzie,337409143
41138,WAUTOMA,3337432067,Wautoma,337432067
41311,CELILO1,3337408977,Celilo Dc Converter Station,337408977
41312,CELILO2,3337408977,Celilo Dc Converter Station,337408977
40111,BIG EDDY,3337407430,Big Eddy,337407430
40996,BUCSLA11,3337423568,Snohomish,337423568
41095,TROUTDAL,3337429325,Troutdale,337429325
18430,LENZIE,3337409143,Charles Lenzie,337409143
40062,ASHE R1,3337406571,Ashe,337406571
18425,HA CC,3337414364,Harry Allen,337414364
18897,RSHASC2,,,
18450,H ALLEN,3337414364,Harry Allen,337414364
30055,GATES,3337413317,Gates Peaker,337413317
41740,COULEE20,3337413746,Grand Coulee,337413746
41739,COULEE19,3337413746,Grand Coulee,337413746
41741,COULEE21,3337413746,Grand Coulee,337413746
30030,VACA-DIX,3337408507,Calpeak Vaca Dixon No. 1,337408507
41057,TAFT,3337424728,Taft,337424728
41744,COULEE24,3337413746,Grand Coulee,337413746
41743,COULEE23,3337413746,Grand Coulee,337413746
41742,COULEE22,3337413746,Grand Coulee,337413746
623207,COLSTRIP 500,,,
40679,LOW GRAN,3337417159,Lower Granite,337417159
40665,LIT GOOS,3337416875,Little Goose,337416875
40287,COULEE,3337413746,Grand Coulee,337413746
40683,LOW MON,3337417166,Lower Monumental,337417166
40233,CHIEF JO,3337409315,Chief Joseph,337409315
40061,ASHE,3337406571,Ashe,337406571
40585,JOHN DAY,3337415584,John Day Ph,337415584
43049,BOARD F,3337407727,Boardman (PGE),337407727
26079,TOLUCA,30050288,Toluca,30050288
44166,CHJ PH5,3337409315,Chief Joseph,337409315
44167,CHJ PH6,3337409315,Chief Joseph,337409315
44237,LWG PH1,3337417159,Lower Granite,337417159
30019,ROUTAB22,3337424710,Table Mt.,337424710
44257,LMN PH1,3337417166,Lower Monumental,337417166
44217,LGS PH1,3337416876,Little Goose Ph,337416876
30017,ROUTAB12,3337424710,Table Mt.,337424710
40288,COULE R1,3337413746,Grand Coulee,337413746
40723,MCNARY,3337417877,McNary,337417877
40521,HATWAI,3337414433,Hatwai,337414433
623512,BROADVIEW,,,
51663,KDY 5C2G,3337415837,Kennedy Capacitor Station,337415837
47638,HERMCALP,3337414608,Hermiston Power Project,337414608
44089,JDA PH4,3337415584,John Day Ph,337415584
51662,KDY 5C1G,3337415837,Kennedy Capacitor Station,337415837
26062,RINALDI,3337421907,Rinaldi,337421907
18452,CRSTL N,3337410409,Crystal River,337410409
40592,GRIJOH21,3337415779,Keeler,337415779
40588,GRIJOH11,3337414038,Grizzly Power,337414038
30073,GATMID11,3337418181,Midway Peaker (MIDWAY),337418181
44086,JDA PH1,3337415584,John Day Ph,337415584
44087,JDA PH2,3337415584,John Day Ph,337415584
44088,JDA PH3,3337415584,John Day Ph,337415584
50560,KDS 500,3337415837,Kennedy Capacitor Station,337415837
41070,GARTAF12,3337413294,Garrison,337413294
41074,GARTAF22,3337407118,Beaver,337407118
50649,CRK 5C1K,3337410290,Creekside Cap. Stn.,337410290
26133,NAVCRY12,3337416825,Linde Wilmington,337416825
30020,OLINDA,3337419925,Olinda,337419925
41001,SNOK TAP,3337423567,Sno-king,337423567
26115,RINALDI2,3337421907,Rinaldi,337421907
40369,DWORSHAK,3337411304,Dworshak,337411304
40966,ECHSCH12,3337411565,Echo Lake,337411565
40972,RAVSCH11,3337421613,Raver,337421613
623309,BROADVIEW A,,,
30041,TABTES11,3337424710,Table Mt.,337424710
40974,RAVSCH12,3337422960,Schultz,337422960
623310,BROADVIEW B,,,
40091,BELL BPA,3337407193,Bell,337407193
40749,MONROE,3337418498,Monroe,337418498
40970,ECHSCH13,3337422960,Schultz,337422960
30050,LOSBANOS,3337420295,Panoche (Los Banos Peaker),337420295
41007,SNOKING,3337423567,Sno-king,337423567
30031,TABVAC11,3337424710,Table Mt.,337424710
41066,DWOTAF12,3337413294,Garrison,337413294
30043,TABTES12,3337428867,Tesla Peaker,337428867
51675,AMC 5C2N,3337406252,American Creek Capacitor Station,337406252
40752,CUSMON11,3337410472,Custer,337410472
51674,AMC 5C1N,3337406252,American Creek Capacitor Station,337406252
40553,HOT SPR,3337414947,Hot Springs,337414947
30040,TESLA,3337428867,Tesla Peaker,337428867
30060,MIDWAY,3337418181,Midway Peaker (MIDWAY),337418181
40754,CUSMON21,3337410472,Custer,337410472
26134,CRYMCC11,3337413733,Gramercy,337413733
64895,ROBINSON,,,
30044,VACTES11,3337408507,Calpeak Vaca Dixon No. 1,337408507
40750,CHIMON11,3337409315,Chief Joseph,337409315
30067,MIDWIR31,3337418181,Midway Peaker (MIDWAY),337418181
50648,CHP 5C1K,3337409130,Chapmans Capacitor Station,337409130
51672,MLS 5C3K,3337417859,Mcleese Capacitor Station,337417859
18451,NWEST,3337419617,North West,337419617
30056,LOSGAT11,3337413317,Gates Peaker,337413317
30057,DIABLO,3337410921,Diablo Canyon,337410921
30071,LOSMID12,3337418181,Midway Peaker (MIDWAY),337418181
51789,TXW 31H,3337428882,Texada Island West Cable Terminal,337428882
51792,TXW 29H,3337428882,Texada Island West Cable Terminal,337428882
30025,MAXWELL,3341136469,Maxwell,341136469
19038,MEAD,3337417895,Mead,337417895
54158,LANGDON2,3337416457,Langdon,337416457
24078,MOEELD12,3337411689,Eldorado,337411689
54658,1201TAP,,,
14007,GILARIVR,3337413448,Gila River Power Station,337413448
54456,BENNETT2,,,
51670,MLS 5C1K,3337417859,Mcleese Capacitor Station,337417859
51671,MLS 5C2K,3337417859,Mcleese Capacitor Station,337417859
51790,CCB 29H,3337408670,Cape Cockburn Cable Terminal,337408670
24086,LUGO,3337417212,Lugo,337417212
51704,CCB 31H,3337408670,Cape Cockburn Cable Terminal,337408670
51791,TXE 29H,3337428880,Texada Island East Cable Terminal,337428880
51708,TXE 31H,3337428880,Texada Island East Cable Terminal,337428880
51470,NCT 29H,3337419363,Nile Creek Terminal,337419363
50116,TIR 29R,3337428881,Texada Island Reactor,337428881
50048,TIR 31R,3337428881,Texada Island Reactor,337428881
51793,NCT 31H,3337419363,Nile Creek Terminal,337419363
14002,MOENKOPI,3337418445,Moenkopi,337418445
30061,MIDVIN11,3337418181,Midway Peaker (MIDWAY),337418181
30068,MIDWIR32,3337418181,Midway Peaker (MIDWAY),337418181
30063,MIDVIN21,3337418181,Midway Peaker (MIDWAY),337418181
14001,FOURCORN,3337412567,Four Corners (AZPS),337412567
24156,VINCENT,3337431660,Vincent,337431660
51677,GUI 5C1N,3337419352,Nicola,337419352
51652,CHP 5C1C,3337409130,Chapmans Capacitor Station,337409130
24117,LUGMOH12,3337417212,Lugo,337417212
24097,MOHAVE,3337418451,Mohave,337418451
18461,LAUGHLIN1,3337418451,Mohave,337418451
18462,LAUGHLIN2,3337418451,Mohave,337418451
23315,OCOSUN11,Sub52000083,Suncrest,52000083
14003,NAVAJO,3337419093,Navajo (SRP),337419093
50878,SYA 5C2N,,,
50877,SYA 5C1N,,,
26105,VICTORVL,3337431618,Victorville,337431618
26275,ADL PF BUS 2,,,
29400,ANTELOPE,3337406372,Antelope Valley Solar Ranch,337406372
50370,DMR 500,3337411257,Dunsmuir,337411257
50700,MCA 500,3337418091,Mica,337418091
26276,ADL PF BUS 3,,,
40601,KEELER,3337415779,Keeler,337415779
26044,MARKETPL,3337417588,Marketplace,337417588
26120,MKTPSVC,3337417588,Marketplace,337417588
26274,ADL PF BUS 1,,,
26277,ADL PF BUS 4,,,
26119,ADELSVC,3337405877,Adelanto,337405877
26003,ADELANTO,3337405877,Adelanto,337405877
14018,DUGAS,Found road,Dugas,52000046
41064,DWOTAF11,3337424728,Taft,337424728
26048,MCCULLGH,3337417809,McCullough,337417809
30045,MOSSLAND,3337418723,Moss Landing (DUENNO),337418723
15089,JOJOBA,3337415619,Jojoba,337415619
26012,ADELANTY,3337405877,Adelanto,337405877
26011,ADELANTX,3337405877,Adelanto,337405877
24095,ELDLUG11,3337418451,Mohave,337418451
24042,ELDORDO,3337411689,Eldorado,337411689
22888,SNCRSMP1,Sub52000083,Suncrest,52000083
22889,SNCRSMP2,Sub52000083,Suncrest,52000083
14016,PNPKAPS,3337420821,Pinnacle Peak APS,337420821
15021,PALOVRDE,3337420266,Palo Verde,337420266
29402,WIRLWIND,3337406372,Antelope Valley Solar Ranch,337406372
14014,CEDARMT,Found Mountain,Cedar Mountain,52000004
14009,REDHAWK,3337421699,Redhawk 1 & 2,337421699
15088,PINAL_W,3337420765,Pinal West,337420765
15180,AVSOLAR,,,
15092,ARLINTON,3337406487,Arlington Valley,337406487
15090,HASSYAMP,3337414411,Hassayampa,337414411
15094,MESQUITE,3337418040,Mesquite Power,337418040
50046,MSA 500,3337417420,Malaspina,337417420
15095,MESQUIT2,,,
30042,METCALF,3337418053,Metcalf Energy Center,337418053
56510,KEEPHIL3,3337415785,Keephills,337415785
54610,KEEPHIL2,3337415785,Keephills,337415785
55615,HTHFIELD,,,
55614,HRTLAND2,,,
54273,HRTLAND1,No idea,Heartland,52000373
54258,ELLERSL2,3337411753,Ellerslie,337411753
14011,MORGAN,3349560949,Raceway,349560949
15093,HARQUAHA,3337414330,Harquahala Valley,337414330
15034,PERKINS,3337420609,Perkins,337420609
54525,GENESEE4,3337413367,Genesee,337413367
54630,SUNNYB1,,,
54623,DCGEN_P1,,,
45030,BURSUM11,3337408315,Burns,337408315
14006,YAVAPAI,3337432965,Yavapai,337432965
26123,CRYSTAL,3337410409,Crystal River,337410409
24840,DEVRED22,,,
24825,DEVRED12,3337420266,Palo Verde,337420266
14005,WESTWING,3337432406,Westwing,337432406
22885,SUNCREST,Sub52000083,Suncrest,52000083
15061,RUDD,3337422359,Rudd,337422359
24927,PALCOL11,,,
50702,ACK 500,3337406603,Ashton Creek,337406603
14008,FOUMOE11,3337418445,Moenkopi,337418445
14010,NAVMOE11,3337418445,Moenkopi,337418445
50704,KLY 500,3337415804,Kelly Lake,337415804
51653,AMC 5C1I,3337406252,American Creek Capacitor Station,337406252
29401,WINDHUB,3337406372,Antelope Valley Solar Ranch,337406372
50703,NIC 500,3337419352,Nicola,337419352
14000,CHOLLA,3337409370,Cholla,337409370
51134,VAS 500,32000395,Vas,32000395
29040,IEEC,3337415240,Inland Empire Energy,337415240
15080,PINAL_C,,,
24151,VALLEYSC,3337431453,Valley,337431453
15087,DUKE,,,
50463,SKA 500,3337423471,Skeena,337423471
30064,MIDVIN22,3337431660,Vincent,337431660
41068,GARTAF11,3337424728,Taft,337424728
41072,GARTAF21,3337413294,Garrison,337413294
30062,MIDVIN12,3337431660,Vincent,337431660
24374,REDBLUFF,,,
40774,NAPAVINE,3353097789,Napavine,353097789
14017,SGRLF,3338155437,Snowflake,338155437
40323,CUSTER W,3337410472,Custer,337410472
51650,CRK 5C1C,3337410290,Creekside Cap. Stn.,337410290
51654,AMC 5C2M,3337406252,American Creek Capacitor Station,337406252
23311,OCOTILLO 1,3337419852,Ocotillo Energy Facility,337419852
23310,OCOTILLO,No idea,C94,52000084
24236,RANCHVST,32008989,Ranch Vista,32008989
60155,HEMINWAY,3337407876,Bowmont,337407876
24801,DEVERS,3337410879,Devers,337410879
50045,CKY 500,3337409200,Cheekye,337409200
50561,WSN 500,3337432623,Williston,337432623
24999,DEVRSVC1,3337410879,Devers,337410879
25660,MIRA81X2,,,
14015,MOECED11,3337432406,Westwing,337432406
40045,ALLSTON,3337406167,Allston,337406167
50562,GLN 500,3337413522,Glenannan,337413522
47741,CENTR P1,3337409051,Centralia Switching Station,337409051
40821,PAUL,3337420435,Paul,337420435
47745,CENTR P2,3337409051,Centralia Switching Station,337409051
50206,CUSING11,3337410472,Custer,337410472
50791,CBK 500,3337410269,Cranbrook,337410269
50208,CUSING21,3337410472,Custer,337410472
51668,GUI 5C1K,3337419352,Nicola,337419352
24092,MIRALOMA,3337418352,Mira Loma,337418352
51101,KDY 5C3W,3337415837,Kennedy Capacitor Station,337415837
22933,ECOMIG11,,,
24928,PALCOL12,,,
26126,MCCVIC11,3337421907,Rinaldi,337421907
24138,SERRANO,3337423120,Serrano,337423120
24900,COLRIVER,,,
40797,OLYMPIA,3337419946,Olympia,337419946
24812,DEVRED11,3337420266,Palo Verde,337420266
24835,DEVRED21,3337410879,Devers,337410879
51665,KDY 5C1W,3337415837,Kennedy Capacitor Station,337415837
51666,KDY 5C2W,3337415837,Kennedy Capacitor Station,337415837
15070,ABEL,,,
24096,ELDLUG12,3337418451,Mohave,337418451
50464,TKW 500,3337428808,Telkwa,337428808
30026,OLIMAX11,3337419925,Olinda,337419925
22360,IMPRLVLY,3337415166,Imperial Valley (Drew),337415166
22538,N.GIMP11,3337415166,Imperial Valley (Drew),337415166
50194,ING 500,3337415231,Ingledow,337415231
50860,CBN 500,3337409552,Clayburn,337409552
14021,Q043B1,3337415096,Hyder,337415096
22342,HDWSH,3337415096,Hyder,337415096
50792,SEL 500,3337423078,Selkirk,337423078
14020,NAVDUG12,3337419093,Navajo (SRP),337419093
50701,REV 500,3337421795,Revelstoke,337421795
50047,MDN 500,3337418010,Meridian,337418010
50559,PCN 500,3337420473,Peace Canyon,337420473
50558,GMS 500,3337413667,Gordon M. Shrum,337413667
22537,HDWN.G11,3337418950,N. Gila (APS),337418950
15045,CORSIL12,3337423393,Silver King,337423393
15051,BROWNING,3337408132,Browning,337408132
22930,ECO,,,
14013,YAVWES11,3337418445,Moenkopi,337418445
22536,N.GILA,3337418950,N. Gila (APS),337418950
19039,MEAPER11,3337417895,Mead,337417895
15001,CORONADO,3337410112,Coronado,337410112
24060,MOEELD11,3337418445,Moenkopi,337418445
30070,LOSMID11,3337431660,Vincent,337431660
15041,SILVERKG,3337423393,Silver King,337423393
14012,CHOSAG11,3337409370,Cholla,337409370
15011,KYRENE,3337416147,Kyrene,337416147
24109,LUGMOH11,3337411689,Eldorado,337411689
26127,MCCVIC21,30004170,Tarzana,30004170
26263,RING2DUM,,,
56926,GENTC1A,3337413367,Genesee,337413367
56826,GENTC2A,3337413367,Genesee,337413367
14019,NAVDUG11,3337418445,Moenkopi,337418445
22468,MIGUEL,3337418186,Miguel,337418186
15044,CORSIL11,3337409370,Cholla,337409370
22472,MIGUELMP,3337418186,Miguel,337418186
26264,VIC KDUM,,,
14004,SAGUARO,3337422544,Saguaro,337422544
16000,TORTOLIT,3337429179,Tortolita,337429179
26128,NAVCRY11,3337416825,Linde Wilmington,337416825
40949,SATSOP,3337422900,Satsop,337422900
18896,RSHASC1,,,
26045,MARADE11,3337417588,Marketplace,337417588
19040,MEAPER12,3337420609,Perkins,337420609
60241,MIDHEM11,3337418158,Midpoint,337418158
67795,BRIPOP21,3337416029,Kinport,337416029
67794,BRIPOP11,3365669813,Populus,365669813
14104,FOUWES11,3337432278,West Mesa,337432278
65396,3MIBRI11,,,
10379,SANB-A11,3337406763,B-A,337406763
51756,SAC 25,No idea,SAC,52000181
51554,KWL 360,3337416143,Kwoiek Creek,337416143
51711,UHT 360,3337431369,Upper Harrison Water Power Project,337431369
51847,BTR 360,,,
51727,BR2 3X5,3337407989,Bridge River Terminal,337407989
51728,BR2 3X7,3337407989,Bridge River Terminal,337407989
50193,BRT 360,3337407989,Bridge River Terminal,337407989
50303,BR1 3T1,3337407989,Bridge River Terminal,337407989
51755,BR1 3T2,3337407989,Bridge River Terminal,337407989
65311,THREE &1,32008953,Three Pk,32008953
50192,WAH 360,3337431796,Wahleach,337431796
50191,ROS 360,3337422261,Rosedale,337422261
13402,BLACKWTR,3337407604,Blackwater,337407604
65385,BRIDGER,,,
40721,MCNARY,3337417877,McNary,337417877
10229,NORTON,3337419682,Norton,337419682
27135,MWC345,3337415260,Intermountain Generating,337415260
16110,SANMCK21,3337417852,McKinley,337417852
16108,SANMCK11,3337413318,Gateway,337413318
10294,SANDIA,3337422795,Sandia,337422795
10999,TAIBANMS,3356867398,NM Wind Energy Center,356867398
26278,INT PF BUS 1,,,
70627,LIMON3,,,
16102,MCKINLEY,3337417852,McKinley,337417852
26280,INT PF BUS 3,,,
26279,INT PF BUS 2,,,
40902,MCNROS11,3337417877,McNary,337417877
10116,GUADLUPE,3337414065,Guadalupe,337414065
26281,INT PF BUS 4,,,
26043,INTERMT,3337415260,Intermountain Generating,337415260
66235,PINTO PS,3337420825,Pinto,337420825
70626,LIMON2,3337417460,Manchief Power Station,337417460
10025,B-A,3337406763,B-A,337406763
10390,RIOPUERC,3337421945,Rio Puerco,337421945
12082,TAOS,3337424776,Taos,337424776
10369,WESTMESA,3337432278,West Mesa,337432278
26116,INTERMTY,3337415260,Intermountain Generating,337415260
26114,INTERMTX,3337415260,Intermountain Generating,337415260
66340,SIGURD,3337423371,Sigurd,337423371
70625,LIMON1,3337417460,Manchief Power Station,337417460
66281,REDBUSVC,3337421661,Red Butte,337421661
10389,SANB-A12,3337406763,B-A,337406763
10842,JICARILLA,,,
67582,PINTO &1,3337420825,Pinto,337420825
66280,REDBUTTE,3337421661,Red Butte,337421661
66225,PINTO,3337420825,Pinto,337420825
10232,OJO,3337419881,Ojo,337419881
67657,UTAH-NEV,No idea,Utah/Nevada,52000269
14105,FOUWES12,3337432278,West Mesa,337432278
65510,EMERY,3337415041,Hunter Plant,337415041
40225,CHIEF J4,3337409315,Chief Joseph,337409315
40223,CHIEF J3,3337409315,Chief Joseph,337409315
11014,ARR___PS,3337406525,Arroyo,337406525
65996,CLOVER,No idea,Clover,52000263
14100,CHOLLA,3337409370,Cholla,337409370
40891,ROCKY RH,3337422187,Rocky Reach,337422187
65995,MONA,3337418472,Mona,337418472
65394,CURRANTC,3337410456,Currant Creek,337410456
40691,MAPLE VL,3337417523,Maple Valley,337417523
65135,BENLOMND,3337407277,Ben Lomond,337407277
40892,MAPROC11,3337422187,Rocky Reach,337422187
65999,HUNMON11,,,
65312,THREE PK,32008953,Three Pk,32008953
40904,MCNROS12,3337422285,J.D. Ross,337422285
11217,AFTON,3337405935,Afton Generating Station,337405935
66400,SPAN FRK,3337423876,Spanish Fork,337423876
11010,AMRAD,3337406293,Amrad,337406293
65805,HUNTNGTN,3337415054,Huntington,337415054
11111,NEWMAN,3337419297,Newman,337419297
67793,KINPOP11,3365669813,Populus,365669813
11286,MACHOSPRNGHV,,,
11047,MACHO_SPRNGS,20 mi. NE Deming,Macho Springs,52000001
73193,STORY,3337407126,Beaver Creek,337407126
16114,PINALWES,3337420765,Pinal West,337420765
73108,LAR.RIVR,3337416477,Laramie River,337416477
65384,3MIKNOLL,,,
10393,LEF,3337410804,Luna Energy Facility,337410804
16104,SPRINGR,3337423972,Springerville,337423972
12250,SOCORO_W,,,
11266,PICANTE,3337408489,Caliente,337408489
66476,SYRACUSE,3349560051,Syracuse,349560051
14108,FOUCHO21,3337409370,Cholla,337409370
11093,LUNA,3340395516,Luna,340395516
14107,FOUCHO11,3337409370,Cholla,337409370
10292,SAN_JUAN,3337422748,San Juan 345,337422748
67808,LIMBER,No idea,Limber,52000264
11038,CALIENTE,3337408489,Caliente,337408489
11017,ARROYO,3337406525,Arroyo,337406525
79064,SHIPROCK,3337423302,Shiprock,337423302
65260,CAMP WIL,3337408558,Camp Williams,337408558
66080,NINETY S,3337405781,Ninetieth South,337405781
64061,IDAHO-NV,30004262,Idaho-Nevada,30004262
65259,CAMPSVC,3337408558,Camp Williams,337408558
66510,TERMINAL,3337428845,Terminal,337428845
70598,PAWNEE,3337420447,Pawnee,337420447
65193,BONANZA,3337407771,Bonanza,337407771
79060,SANJN PS,3337422748,San Juan 345,337422748
65945,MIDVALLY,3349559622,Midvalley,349559622
66133,OQUIRRH,3349559671,Oquirrh,349559671
14101,FOURCORN,3337412567,Four Corners (AZPS),337412567
60190,KINPORT,3337416029,Kinport,337416029
73012,AULT,3337406696,Ault,337406696
67790,POPULUS,3365669813,Populus,365669813
40901,ROSS,3337422285,J.D. Ross,337422285
14103,PRECHCYN,3337421263,Preacher Canyon,337421263
79049,MONTROSE,3337418594,Montrose,337418594
65511,LAKESIDE,3337416343,Lake Side Power Plant,337416343
70624,MIS_SITE,3337417460,Manchief Power Station,337417460
16123,PINSOU11,3337431420,Vail Generating Station,337431420
16119,SPRVAI13,3337423972,Springerville,337423972
16117,SPRVAI11,3337413956,Greenlee,337413956
19315,PEACOCK,30004265,Peacock,30004265
40997,CHISNO31,,,
40998,CHISNO41,,,
67792,BORPOP21,3337407809,Borah,337407809
60005,ADEL TAP,3337405876,Adelaide Tap,337405876
60060,BORAH,3337407809,Borah,337407809
40993,SNOHOMS3,3337423568,Snohomish,337423568
60006,ADELAIDE,3337405875,Adelaide,337405875
40994,SNOHOMS4,3337423568,Snohomish,337423568
18002,HA PS,3337414364,Harry Allen,337414364
16118,SPRVAI12,3337423972,Springerville,337423972
16109,WINCHSTR,3337432671,Winchester,337432671
16100,CORONADO,3337410112,Coronado,337410112
79036,GRANDJCT,3337413764,Grand Junction (UTE),337413764
67791,BORPOP11,3337407809,Borah,337407809
17005,BICKNELL,3337407401,Bicknell,337407401
65665,GOSHEN,3337413691,Goshen,337413691
79014,CRAIG,3337410259,Craig (TSGT),337410259
60235,MIDPOINT,3337418158,Midpoint,337418158
16122,WINVAI12,3337431420,Vail Generating Station,337431420
16105,VAIL,3337431420,Vail Generating Station,337431420
19053,LIBERTY,3337416759,Liberty,337416759
79072,HESPERUS,3337414625,Hesperus,337414625
11080,HIDALGO,3337414645,Hidalgo,337414645
16121,WINVAI11,3337431420,Vail Generating Station,337431420
16106,VAIL2,3337431420,Vail Generating Station,337431420
16120,SPRVAI14,3337431420,Vail Generating Station,337431420
64891,RBFLCSC1,,,
18001,H ALLEN,3337414364,Harry Allen,337414364
16103,SOUTH,3337423758,South Loop,337423758
79058,RIFLE_CU,3337421895,Rifle Generating Station,337421895
79266,MEEKER,3337417953,Meeker,337417953
16107,WESTWING,3337432406,Westwing,337432406
11061,DIABLO,3337410919,Diablo,337410919
79024,FLAGSTAF,3337412313,Flagstaff,337412313
70654,COMANCHE,3337409906,Comanche,337409906
79356,MCBRYDE,3337417953,Meeker,337417953
79032,GLENCANY,3337413510,Glen Canyon,337413510
64885,ROBINSON,,,
64883,RBFLCPS,,,
64884,RBGONPS,,,
70599,SMOKYHIL,3337423546,Smoky Hill,337423546
64043,FALCON,3337412100,Falcon,337412100
64900,FT SAGE,32008859,Ft. Sage,32008859
64901,FTSAGEPS,32008859,Ft. Sage,32008859
14102,PNPKAPS,3337420821,Pinnacle Peak APS,337420821
70465,MIDWAYPS,3337418164,Midway,337418164
64017,BRDRTNPS,3337407819,Bordertown,337407819
26251,INT MDUM,,,
16101,GREENLEE,3337413956,Greenlee,337413956
17010,GREEN-SW,3337413956,Greenlee,337413956
16116,SPRGRE12,3337413956,Greenlee,337413956
16113,SPRGRE11,3337417852,McKinley,337417852
70466,WATERTON,3337432024,Waterton,337432024
64059,HUMBOLDT,3337415022,Humboldt,337415022
64310,GONDER,3337413634,Gonder,337413634
79051,FLAGLE11,3337412313,Flagstaff,337412313
79055,FLAGLE21,3337412313,Flagstaff,337412313
64058,HIL TOP,3337414741,Hilltop,337414741
79053,PINPKBRB,3337420820,Pinnacle Peak (LC),337420820
64032,COYOTECR,3337410230,Coyote Creek,337410230
19322,PEAMEA11,3337416759,Liberty,337416759
19037,MEAD,3337417895,Mead,337417895
64130,VALMY,3337419610,North Valmy,337419610
64305,NANIWA,3337419028,Naniwa,337419028
64115,TRACY,3337429216,Tracy & Clark Mountain,337429216
64018,BRDRTWN,3337407819,Bordertown,337407819
16900,COPPERVR,25052714,Copper River,25052714
64951,TRACY W,3337429216,Tracy & Clark Mountain,337429216
64128,VAL ROAD,3349560650,North Valley Road,349560650
64077,MIRA LMA,3337418351,Mira Loma,337418351
70601,DANIELPK,3337410554,Daniels Park,337410554
64892,RBFLCSC2,,,
19323,LIBPEA11,,,
79087,FLAPIN11,3337420820,Pinnacle Peak (LC),337420820
79095,FLAPIN21,3337415765,Kayenta,337415765
40285,COULEE,3337413746,Grand Coulee,337413746
40798,COUOLY11,3337419946,Olympia,337419946
40800,COUOLY12,3337419946,Olympia,337419946
40802,COUOLY13,3337419946,Olympia,337419946
40804,COUOLY14,3337419946,Olympia,337419946
40795,OLYMPIA,3337419946,Olympia,337419946
45183,LONEPINE,3337417000,Lone Pine,337417000
45195,MERIDINP,3337418010,Meridian,337418010
45063,COPCO,3341136831,Copco 1,341136831
47814,JONESCYN,32008816,Jones Canyon,32008816
44287,JRDNB 1,,,
44286,JRDNB TP,,,
47465,DOOLEY T,3356868812,Windy Point/Tuolumne,356868812
45162,DR W TP,3337410535,Dalreed,337410535
45075,DALREED,3337410535,Dalreed,337410535
45160,DR E TP,3337410535,Dalreed,337410535
44894,WHTSTNE,,,
47855,STRPT 1,3337416080,Klondike Wind Farm,337416080
47824,WILLIS T,3356868812,Windy Point/Tuolumne,356868812
47831,HCAYON T,3337416080,Klondike Wind Farm,337416080
43021,BEAVER,3337407116,Beaver,337407116
43909,PORTW,3337421123,Port Of Washington,337421123
47830,KLONDSCH,3337416080,Klondike Wind Farm,337416080
45025,BOYLE,3337415400,J.C. Boyle,337415400
47858,HARVST W,3337432474,White Creek Wind Project,337432474
47857,MILLRA S,64000007,Miller,64000007
47827,WHITE CK,3337432474,White Creek Wind Project,337432474
40213,CHEMAWA,3337409209,Chemawa,337409209
47486,GOLDEN_H,3352750394,Golden Hills Wind Farm,352750394
47823,ENRGZR T,3356868812,Windy Point/Tuolumne,356868812
47822,IMRIE,3337413640,Goodnoe,337413640
47844,BIGLWCYN,3340406598,Biglow Canyon Wind,340406598
44285,LONGHORN,,,
41402,ROCK CK,32008950,Rock Creek,32008950
47815,JONTMB11,3337429371,Tumble Creek,337429371
44860,MARENGO2,3349561030,Marengo Wind Project,349561030
45123,GRANT PS,3337413829,Grants Pass,337413829
40123,BOARD T2,3337407727,Boardman (PGE),337407727
47386,JNPRC 1,No idea,Juniper,52000116
41349,BIGCHE12,3337407430,Big Eddy,337407430
44911,MARENGO,3349561030,Marengo Wind Project,349561030
40584,JOHN DAY,3337415584,John Day Ph,337415584
45161,KLAFALLS,3341136828,COB Energy Facility,341136828
44900,DIXNV230,3337411001,Dixonville,337411001
45189,MALIN,3337417425,Malin,337417425
44060,TDA PH6,3337428918,The Dalles Ph,337428918
45137,HERMISTN,3337414608,Hermiston Power Project,337414608
44059,TDA PH5,3337428918,The Dalles Ph,337428918
44126,MCN PH4,3337417877,McNary,337417877
44124,MCN PH3,3337417877,McNary,337417877
40923,SALEM,3337422637,Salem,337422637
44123,MCN PH2,3337417877,McNary,337417877
44122,MCN PH1,3337417877,McNary,337417877
40940,CHESAN11,3337422861,Santiam,337422861
44127,MCN PH5,3337417877,McNary,337417877
44125,MCN PH34,3337417877,McNary,337417877
41351,MCNRY S1,3337417877,McNary,337417877
41343,BIGEDDY3,3337407430,Big Eddy,337407430
45287,SWIFT 1,3337424647,Swift,337424647
41352,MCNRY S2,3337417877,McNary,337417877
41353,MCNRY S3,3337417877,McNary,337417877
45543,SWIFT 2,3337424647,Swift,337424647
48281,NOXON,3337419718,Noxon Rapids,337419718
40787,NOXONBPA,3337419718,Noxon Rapids,337419718
48059,CAB GORG,3337408422,Cabinet Gorge,337408422
40796,LIBNOX11,3337419718,Noxon Rapids,337419718
48289,NOXONCON,3337419718,Noxon Rapids,337419718
45051,COLD SPR,3337409756,Cold Springs,337409756
40549,HORSE HV,3337414923,Horse Heaven,337414923
40171,CANBYTAP,3337408606,Canby 2,337408606
40169,CANBY,3337408606,Canby 2,337408606
41091,TROUT CR,3342617588,Trout Creek,342617588
48443,VANT AVA,3337431517,Vantage,337431517
45129,HAT ROCK,3337414421,Hat Rock,337414421
48317,PINE CRK,3337420777,Pine Creek,337420777
43409,PELTON,3337420530,Pelton,337420530
40895,ROGUE,3337422206,Rogue,337422206
41345,BIGCHE11,3337407430,Big Eddy,337407430
44912,TALBOT,3349561030,Marengo Wind Project,349561030
40303,COVINGTW,3337410205,Covington,337410205
40788,LANNOX11,3337416431,Lancaster,337416431
47100,WELLS B1,3337432169,Wells (DOPD),337432169
47102,WELLS B2,3337432169,Wells (DOPD),337432169
46460,ROSS 44,3337422288,Ross Dam,337422288
40304,COVINGTE,3337410205,Covington,337410205
46431,GORGE,3337413681,Gorge (SCL),337413681
48451,WALA AVA,3337427717,Walla Walla,337427717
46461,ROSS 42,3337422288,Ross Dam,337422288
46421,DIABLO,3337410919,Diablo,337410919
43317,BIGMCL11,3337407430,Big Eddy,337407430
41350,BIGCEL41,3337407430,Big Eddy,337407430
40058,WNP1,3337406571,Ashe,337406571
40064,TRS,3337406571,Ashe,337406571
40059,ASHE,3337406571,Ashe,337406571
45113,GLENDL,3337413533,Glendale,337413533
44856,FPL2HT,3337424189,Stateline Wind Project - Washington,337424189
43483,ROUNDB N,3337422305,Round Butte,337422305
43482,ROUNDB S,3337422305,Round Butte,337422305
44164,CHJ PH3,3337409315,Chief Joseph,337409315
44165,CHJ PH4,3337409315,Chief Joseph,337409315
41079,TMBLCR T,3337429371,Tumble Creek,337429371
47572,NINEMIF2,3337424189,Stateline Wind Project - Washington,337424189
42507,BERYDALE,3353097805,Berrydale,353097805
46312,WANAPH2,,,
46311,WANAPH1,,,
47819,BIGHRN,3337407440,Big Horn Wind (PPM),337407440
45128,COVE 230,3337410194,Cove,337410194
44162,CHJ PH1,3337409315,Chief Joseph,337409315
44163,CHJ PH2,3337409315,Chief Joseph,337409315
45331,WALLULA,3337427736,Wallula,337427736
40810,OSTRNDER,3337420092,Ostrander,337420092
44016,BON PH3,3337407786,Bonneville,337407786
44017,BON PH4,3337407786,Bonneville,337407786
44015,BON PH2,3337407786,Bonneville,337407786
46313,WANAPH3,,,
40537,HIL TOP,3337414741,Hilltop,337414741
44014,BON PH1,3337407786,Bonneville,337407786
46486,BOUNDPH6,3337407846,Boundary,337407846
46480,BOUNDPH3,3337407846,Boundary,337407846
46476,BOUNDPH1,3337407846,Boundary,337407846
46482,BOUNDPH4,3337407846,Boundary,337407846
40824,PEARL E,3337420488,Pearl,337420488
41112,VANTAGES,3337431517,Vantage,337431517
41111,VANTAGEN,3337431517,Vantage,337431517
44200,LIB PH1,3337416751,Libby - PACIF,337416751
44058,TDA PH4,3337428918,The Dalles Ph,337428918
41314,CELILO4,3337408977,Celilo Dc Converter Station,337408977
40826,PEARL W,3337420488,Pearl,337420488
40686,SPRINGCK,32008906,Spring Creek,32008906
45327,WALAWALA,3337427717,Walla Walla,337427717
45047,CHILQUIN,3337409332,Chiloquin,337409332
40142,NBONVL W,3337407786,Bonneville,337407786
44201,LIB PH2,3337416751,Libby - PACIF,337416751
46478,BOUNDPH2,3337407846,Boundary,337407846
40146,BOUNDRYW,3337407846,Boundary,337407846
46484,BOUNDPH5,3337407846,Boundary,337407846
40307,COWFALLS,3337410221,Cowlitz Falls,337410221
40657,LIBBY,3337416752,Libby - USCEPD,337416752
40145,BOUNDRYE,3337407846,Boundary,337407846
40230,CHIEF J1,3337409315,Chief Joseph,337409315
40232,CHIEF J2,3337409315,Chief Joseph,337409315
46169,WANAPUM,3337431892,Wanapum,337431892
46069,PRIESTR2,3337421284,Priest Rapids,337421284
46066,PRIESTR1,3337421284,Priest Rapids,337421284
40141,NBONVL E,3337407786,Bonneville,337407786
44057,TDA PH3,3337428918,The Dalles Ph,337428918
40896,FAIROG11,3337412090,Fairview,337412090
41344,BIGCEL31,3337407430,Big Eddy,337407430
43773,PEARL #,3337420488,Pearl,337420488
41313,CELILO3,3337408977,Celilo Dc Converter Station,337408977
41342,BIGEDDY2,3337407430,Big Eddy,337407430
43528,PEASHE11,3337420488,Pearl,337420488
40065,ASHE TAP,3337406571,Ashe,337406571
41094,TROUTD W,3337429325,Troutdale,337429325
41135,WARNER,3337431926,Warner,337431926
45303,TROUTPP2,3337429325,Troutdale,337429325
41341,BIGEDDY1,3337407430,Big Eddy,337407430
40838,PONDROSS,3337421061,Ponderosa,337421061
40144,ALFNBO11,,,
40836,PONDROSN,3337421061,Ponderosa,337421061
41092,TROUTD E,3337429325,Troutdale,337429325
45301,TROUTPP1,3337429325,Troutdale,337429325
43685,BLUELAKE,30004006,Blue Lake,30004006
47049,GLENOMA,3353097684,Glenoma,353097684
43320,BIGMCL12,3337407430,Big Eddy,337407430
42501,TALBOT S,3337424742,Talbot,337424742
40692,MAPLEV12,3337417523,Maple Valley,337417523
41005,MAPSNO21,3337423567,Sno-king,337423567
46424,COVDUW11,3337410205,Covington,337410205
48179,LAKEVIEW,3337416353,Lake View,337416353
43597,TROJAN,3337429314,Trojan,337429314
43599,TROJAN 1,3337429314,Trojan,337429314
43601,TROJAN 2,3337429314,Trojan,337429314
40002,A6,3337406571,Ashe,337406571
46426,DUWMAP11,3337411301,Duwamish,337411301
42991,DODGE JN,Found Junction Town,Dodge Junction,52000120
40813,PARKDALE,3337420356,Parkdale,337420356
40599,KEELER W,3337415779,Keeler,337415779
42987,PHALEN G,Found Sub,Phalen Gulcn,52000119
43740,HORIZN,3352750211,Sunset,352750211
40709,MAUPIN,3337417718,Maupin,337417718
43530,PEASHE12,3337420488,Pearl,337420488
40664,CEN FERY,Found Sub,Central Ferry,52000118
40511,HARVALUM,3337414395,Harvalum,337414395
47862,HSHUB,3349561028,Shepherds Flat Wind Farm,349561028
43527,SHERWOOD,3337423288,Sherwood,337423288
40937,SANT TAP,3337422861,Santiam,337422861
40939,SANTIAM,3337422861,Santiam,337422861
42363,WLD HORS,3337432576,Wild Horse Project,337432576
40457,GARRISON,3337413294,Garrison,337413294
42700,WHITE RV,3337432490,White River (PSPL),337432490
43291,LINNEMAN,30004005,Linneman,30004005
45103,HURICANE,3352749973,Hurricane,352749973
43215,GRESHAM,3337414013,Gresham,337414013
40409,FAIRVIEW,3337412090,Fairview,337412090
42374,SCHNEBLY,Found Coulee,Schnebly,52000096
44996,HANNATAP,3337414255,Hanna,337414255
46416,COVCRE11,3337410205,Covington,337410205
43348,MURRAY H,3352750182,Murryhill,352750182
40685,MABTON,3337417302,Mabton,337417302
40410,FAIRVEW2,3337412090,Fairview,337412090
43314,MCLOUGE5,3337417861,Mcloughlin,337417861
40531,HEW 2,30004101,Hew,30004101
40533,HEW 2 TP,30004101,Hew,30004101
42373,POISN SP,Found Road,Poison Spring,52000097
46855,ROCR0709,3337422187,Rocky Reach,337422187
40747,MONROE,3337418498,Monroe,337418498
41149,WHITE BL,3337432470,White Bluffs,337432470
42703,S TWHI11,3337424717,Tacoma,337424717
46853,ROCR0304,3337422187,Rocky Reach,337422187
46852,ROCR0102,3337422187,Rocky Reach,337422187
46854,ROCR0506,3337422187,Rocky Reach,337422187
46629,MOSSYRK,3337418728,Mossyrock,337418728
46856,ROCR1011,3337422187,Rocky Reach,337422187
42505,CHRISTOP,3337409381,Christopher,337409381
40003,A8,3337406571,Ashe,337406571
41321,MARC SW2,30004107,Marcola,30004107
46831,ROCKYRH1,3337422187,Rocky Reach,337422187
46832,ROCKYRH2,3337422187,Rocky Reach,337422187
40001,A9,3337406571,Ashe,337406571
41049,TACOMA N,3337424717,Tacoma,337424717
41050,TACOMA S,3337421061,Ponderosa,337421061
40345,DETROIT,3337410875,Detroit,337410875
46833,ROCKYRH3,3337422187,Rocky Reach,337422187
47031,DOUGLAS,3337411112,Douglas,337411112
41754,COUL1418,3337413746,Grand Coulee,337413746
40751,MONROE T,3337418498,Monroe,337418498
41359,BELCOU51,3337407193,Bell,337407193
41751,COUL0105,3337413746,Grand Coulee,337413746
41752,COUL0609,3337413746,Grand Coulee,337413746
41753,COUL1013,3337413746,Grand Coulee,337413746
40373,E OMAK,3337411468,East Omak,337411468
43541,ST MARYS,3337424093,St. Marys,337424093
41358,COULEES3,3337413746,Grand Coulee,337413746
41291,WINECTRY,32000255,Sulphur,32000255
42361,WIND RDG,32008920,Wind Ridge,32008920
47284,MARCOLA,30004107,Marcola,30004107
46463,NORTHMTN,3337419562,North Mountain,337419562
43322,BIGMCL13,3337417861,Mcloughlin,337417861
40044,ALLSTN W,3337406167,Allston,337406167
41053,S TACOMA SS,3337424717,Tacoma,337424717
40043,ALLSTN E,3337406167,Allston,337406167
70560,LAMAR_DC,3337416402,Lamar,337416402
41356,COULEES1,3337413746,Grand Coulee,337413746
40280,COULE PG,3337413746,Grand Coulee,337413746
46044,GENEVA,,,
41357,COULEES2,3337413746,Grand Coulee,337413746
48512,DRYCREEK,3337411184,Dry Gulch,337411184
43313,MCLOUGLN,3337417861,Mcloughlin,337417861
43600,SPRNGVIL,25000149,Springville,25000149
48255,N LEWIST,3337418960,N. Lewiston,337418960
40881,RESTN TP,3337421788,Reston,337421788
43089,CARVER,3337408830,Carver,337408830
40375,E SPRING,3337423974,Springfield,337423974
40148,ADDBOU11,3337428144,TAP372,337428144
48863,PALOUSE_WIND,,,
46165,PRIESTRT,3337421284,Priest Rapids,337421284
48432,THORNTON,,,
47381,LINDEN,No idea,Linden,52000098
46625,MAYFIELD,3337417739,Mayfield,337417739
40689,MAPLE V3,3337417523,Maple Valley,337417523
41020,MAPSNO11,3337423567,Sno-king,337423567
47861,S HRLBRT,3349561028,Shepherds Flat Wind Farm,349561028
47380,LINDEN T,No idea,Linden,52000098
40049,ALVEY,3337406231,Alvey,337406231
47082,RAPIDS,3353098074,Tap,353098074
42802,ST CLAIR,,,
47860,N HRLBRT,3349561028,Shepherds Flat Wind Farm,349561028
40458,ANA BPA,3337406299,Anaconda Mill Creek,337406299
47849,SHPD FLT,3349561028,Shepherds Flat Wind Farm,349561028
41348,MIDWAYB3,3337418164,Midway,337418164
41346,MIDWAYB1,3337418164,Midway,337418164
41347,MIDWAYB2,3337418164,Midway,337418164
46630,MOSSYRCK,3337409201,Chehalis,337409201
40987,SILVR CK,3337423386,Silver Creek,337423386
40219,CHENOWTH,3337409220,Chenoweth,337409220
40598,KEELER E,,,
40519,HATWAI,3337414433,Hatwai,337414433
41161,WOODLAND,3337424647,Swift,337424647
42500,TALBOT N,3337424742,Talbot,337424742
46045,MATTAWA,30004092,Mattawa,30004092
46609,COWLITZ,3337410218,Cowlitz,337410218
48197,LOLO,3337416974,Lolo,337416974
40883,RESTON,3337421788,Reston,337421788
48385,SHAWNEE,3337423199,Shawnee,337423199
44995,NICKLMTN,3337414255,Hanna,337414255
46423,DUWAMISH,3337411301,Duwamish,337411301
40986,SLATT,3337423497,Slatt,337423497
46415,CRESTON,3337410309,Creston,337410309
42812,S TST 11,,,
40487,GREENVLT,3337413928,Green Valley,337413928
41021,ST JOHNS,3337424074,St. Johns,337424074
41016,MAPSNO22,3337423567,Sno-king,337423567
40627,LANE,3337416446,Lane,337416446
41004,SNOK S1,3337423567,Sno-king,337423567
45093,DIXONVLE,3337411001,Dixonville,337411001
41006,SNOK S2,3337423567,Sno-king,337423567
40909,SACHEEN,3337422525,Sacheen,337422525
48357,RATHDRUM,3353098165,Rathdrum Power LLC,353098165
41022,MAPSNO12,,,
41008,SNOK S3,3337423567,Sno-king,337423567
46113,PRIEST T,3337421284,Priest Rapids,337421284
46634,CHEMOS11,3337418728,Mossyrock,337418728
46404,BOTSNO11,3337423567,Sno-king,337423567
44276,BETTASRD,3337416063,Kittitas Valley Wind Power Project,337416063
41276,WESTBPA2,3337418854,Munro BPA System Control Center,337418854
40624,LANCASTR,3337416431,Lancaster,337416431
46065,PRIEST R,3337421284,Priest Rapids,337421284
47329,EECLOUSE,3352750395,Goodnoe Hills East,352750395
48037,BENEWAH,3337407283,Benewah,337407283
46405,BOTSNO21,3337407825,Bothell,337407825
48463,WEST,3337418854,Munro BPA System Control Center,337418854
40626,BELLAN11,3337407193,Bell,337407193
40019,ADDY S,3337405870,Addy,337405870
46163,WAHLUKE,3337431797,Wahluke (GP),337431797
40039,ALFALFA,3337406092,Alfalfa,337406092
42568,BALDI,30004129,Baldi,30004129
46001,ANC LK T,3353098173,Ancient Lake,353098173
40551,HOT SPR,3337414947,Hot Springs,337414947
41275,WESTBPA1,3337418854,Munro BPA System Control Center,337418854
40701,MARTINTP,3337417639,Martin Creek,337417639
40705,MARTN CR,3337417639,Martin Creek,337417639
40671,LONGVIEW,3337417029,Longview,337417029
46860,AYORK230,Sub2000002,Sub2000002,2000002
47441,CHEMICAL,3337417029,Longview,337417029
40905,ROUNDUP,3337422319,Roundup,337422319
40673,LONGVW T,3337417029,Longview,337417029
40672,LONGVANX,3337417029,Longview,337417029
45153,ISTHMUS,3337428270,Isthmus,337428270
46427,EASTPINE,3337411547,Eastpine,337411547
46417,DELRIDGE,3337410784,Delridge,337410784
46005,ANCIENTL,3353098173,Ancient Lake,353098173
40089,DAYMTSPK,,,
46445,SOUTH,3337423666,South,337423666
40319,CUSICK,3337410469,Cusick,337410469
40094,ADDBEL11,3353098003,Tap,353098003
40088,BELL S2,3337407193,Bell,337407193
40963,HRTAP MS,30004298,Horseranch,30004298
40090,BELL S3,3337407193,Bell,337407193
40086,BELL S1,3337407193,Bell,337407193
48249,MOSCOW,3337418713,Moscow,337418713
42324,HORHRT11,30004298,Horseranch,30004298
40092,BELL S4,3337407193,Bell,337407193
47096,CUSUSK11,3337410469,Cusick,337410469
45229,OUTLOOK,3337420132,Outlook,337420132
41330,SNOH S4,3337423568,Snohomish,337423568
40121,BOARD T1,3337407727,Boardman (PGE),337407727
42503,OBRIEN,3337419754,O'Brien,337419754
40129,BOARDMAN,3337407727,Boardman (PGE),337407727
40262,COLUMBIA S,,,
41329,SNOH S3,3337423568,Snohomish,337423568
40261,COLUMBIA N,3337409867,Columbia,337409867
46465,NORSNO11,3337419562,North Mountain,337419562
47748,CENTR SS,3337409051,Centralia Switching Station,337409051
46809,MCKENZIE,3353098186,McKenzic,353098186
47440,HYCOM,No idea,Norpac,52000171
40348,DIXON MV,3342617491,Dixon,342617491
41328,SNOH S2,3337423568,Snohomish,337423568
41327,SNOH S1,3337423568,Snohomish,337423568
46435,MASS,3337417690,Massachusetts,337417690
46406,BOTSNO21,3337407825,Bothell,337407825
41061,TAHKNICH,3337424732,Tahkenitch,337424732
47439,NORPAC,No idea,Norpac,52000171
42320,HORSRNCH,30004298,Horseranch,30004298
42811,OLYST 11,,,
42321,HRNCHTAP,30004298,Horseranch,30004298
40185,CASCADTP,3337430120,Newberg,337430120
47091,USK,3337431401,Usk,337431401
43229,HARBORTN,3352750170,Harorton,352750170
46408,BOTHRN11,30004298,Horseranch,30004298
46403,BOTHELL,3337407825,Bothell,337407825
43329,MONITOR,30004008,Monitor,30004008
45334,HURWAL11,3337427717,Walla Walla,337427717
43459,RIVRGATE,3337421994,Rivergate,337421994
40947,SATSOP,3337422900,Satsop,337422900
41156,CASCAS11,3337430120,Newberg,337430120
43040,BETSAN11,3337422861,Santiam,337422861
40867,RATTLE S,3337421603,Rattlesnake Switchyard,337421603
40322,CUSTER E,3337410472,Custer,337410472
40321,CUSTER W,3337410472,Custer,337410472
40513,HASKILL,3337414409,Haskill,337414409
46407,BOTSAM11,3337422702,Sammamish,337422702
41155,CASCADSTL,3337432684,Windishar,337432684
40021,ADDY N,3337405870,Addy,337405870
40207,CHEHALIS,3337409201,Chehalis,337409201
40899,ROSS,3337422285,J.D. Ross,337422285
40651,LEXINGTN,3337416735,Lexington,337416735
42312,CASCADEP,3337408843,Cascade,337408843
46156,ROCKYFD,3337422176,Rocky Ford,337422176
41165,WREN,3352750245,Wren,352750245
41141,WENDSON,3337432181,Wendson,337432181
40357,DRISCOLT,3337411162,Driscoll,337411162
40355,DRISCOLL,3337411162,Driscoll,337411162
47260,WAUNA,3337432057,Wauna,337432057
48524,BOULDER,3337407839,Boulder Park,337407839
47677,MINTFARM,3337417033,Mint Farm Energy Center LLC,337417033
43039,BETHEL,3337407368,Bethel (PGE),337407368
45111,FRY,3337413143,Fry,337413143
40621,LAGRANDE,3352749979,LaGrande,352749979
45048,CHILAP11,3337409332,Chiloquin,337409332
42412,KLAHANIE,30004132,Klahanie,30004132
40573,INTALCO,3337415252,Intalco,337415252
40557,HUNGRY H,3337415035,Hungry Horse,337415035
41083,TOLEDO,3337429118,Toledo,337429118
46298,WQUINCYT,,,
40095,BELLNGHM,3337407237,Bellingham Division,337407237
40977,SIFT TP2,3337423364,Sifton,337423364
46289,QUINCYPLA,,,
46164,FRENCHMN,3337412707,Frenchman Hills (USBR),337412707
48025,BEACON N,3337407067,Beacon (Spokane),337407067
48031,BEACON S,3337407067,Beacon (Spokane),337407067
45588,PARISHGP,25000918,Parish Gap,25000918
40975,SIFT TP1,3337423364,Sifton,337423364
41055,S TACOMA,3337424717,Tacoma,337424717
40875,RDMND_E,3337427914,Redmond,337427914
46299,NQUINCYT,,,
46633,CANYONTA,4.00381E+12,Canyon Rd-Tacoma (evi),400380901
40876,RDMND_W,3337427914,Redmond,337427914
47578,FREDST,3353097497,Frederickson (PSPL),353097497
40983,SIFTON 2,3337423364,Sifton,337423364
46642,S_TAC-SW,3337423849,Southwest,337423849
46645,SOUTHWST,3337423849,Southwest,337423849
45031,CALAPOYA,3337408462,Calapooya,337408462
40033,ALCOA,3337406065,Alcoa,337406065
40981,SIFTON 1,3337423364,Sifton,337423364
46162,BKSAND T,3353098171,Black,353098171
46161,BK SANDS,3353098171,Black,353098171
40181,CARLTON,3337408757,Carlton,337408757
76351,RCDC W,3337423789,South Rapid City,337423789
46291,MCKEN TP,3352749856,McKenzie,352749856
45089,DIA HILL,3337427366,Diamond Hill,337427366
46293,MCKENZEW,3352749856,McKenzie,352749856
40248,COL FALL E,3337409874,Columbia Falls,337409874
40249,COL FALL W,3337409874,Columbia Falls,337409874
42103,SEDRO NT,3337423057,Sedro Woolley,337423057
40851,POTHOLES,3337421174,Potholes,337421174
46166,POTHOLEG,3337421174,Potholes,337421174
42102,SEDBEL11,3337423057,Sedro Woolley,337423057
42100,SEDRO,3337423057,Sedro Woolley,337423057
40267,CONKELLY,3337409954,Con Kelley,337409954
47595,GRYSHBR1,3337413854,Grays Harbor Energy Facility,337413854
47360,TRUMB CR,3337429337,Trumble Creek,337429337
47367,LAKESD F,32008880,Lakeside,32008880
40403,FAIRMONT,3337412085,Fairmount,337412085
42417,KLASAM11,30004132,Klahanie,30004132
47359,LION MTN,3477941,Lion Mountain,3477941
46043,MAE VL T,3353098178,Mac Valley,353098178
46041,MAE VL,3353098178,Mac Valley,353098178
42306,MONNOV11,30004496,Novelty,30004496
40793,OLYMPIA,3337419946,Olympia,337419946
40794,OLY E,3337419946,Olympia,337419946
42304,NOVELTY,30004496,Novelty,30004496
40421,FLATHEAD,3337412334,Flathead,337412334
40243,CLATSOP,3337409539,Clatsop,337409539
40767,MURRAY,3337418877,Murray,337418877
40792,OLY W,3337419946,Olympia,337419946
40011,ABERDN 2,3337405809,Aberdeen,337405809
46300,ROCKYFDG,,,
40009,ABERDEEN,3337405809,Aberdeen,337405809
42318,SAMMSH W,3337422702,Sammamish,337422702
42300,SAMMAMSH,3337422702,Sammamish,337422702
42319,SAMMSH E,3337422702,Sammamish,337422702
40099,BENTON,3337407300,Benton,337407300
40971,SHELTON,3337423244,Shelton,337423244
45245,POMONA H,3337420273,Pamona Heights,337420273
45239,PILOTBT,3337420757,Pilot Butte,337420757
46089,SANDUNES,3337422782,Sand Dunes,337422782
40845,PORT ANG,3337421090,Port Angeles,337421090
46152,MCDONALD,3337417812,McDonald,337417812
45317,UNIONGAP,3337429530,Union Gap,337429530
46151,LARSON,3337416493,Larson,337416493
40443,FRANKLIN,3337412618,Franklin,337412618
46158,SIELER,3353098122,Sieler,353098122
46157,WHEELSWD,3337432446,Wheeler,337432446
46160,WHEELERG,3337432446,Wheeler,337432446
46144,SILIC TP,25000910,Silicon,25000910
46159,UPPER C,3353098139,Upper Coulee,353098139
46143,SILICON,25000910,Silicon,25000910
40613,KITSAP,3337416058,Kitsap,337416058
40505,HAPPY V,3337414273,Happy Valley,337414273
40615,KITSAP 2,3337416058,Kitsap,337416058
73181,SIDNEYDC,3337423360,Sidney W.,337423360
42113,FREDONIA,3337412666,Fredonia (PSPL),337412666
41075,TILLAMOK,3337429041,Tillamook,337429041
42903,S.BSHE11,3337423244,Shelton,337423244
42104,MARCH PT,3337417544,March Point Cogeneration Compa,337417544
40839,PORT AN2,3337421090,Port Angeles,337421090
42900,S.BREM,3337423685,South Bremerton,337423685
40027,ALBANY,3337406029,Albany,337406029
40635,LAPINE,3337416186,La Pine,337416186
40060,ASHE F,3337406571,Ashe,337406571
38951,TBC_POT2,3337421185,Potrero,337421185
44998,DRJOHNSN,25000916,DrJohnson,25000916
47813,WHITE CK,3337432474,White Creek Wind Project,337432474
46071,QUIN CH,3337421462,Quincy Chute,337421462
40887,RINGOLD,3337421916,Ringold,337421916
45127,HARRISON,3337414354,Harrison,337414354
40717,MCNARY,3337417877,McNary,337417877
47023,CRESWELL,3352749922,Creswell,352749922
47050,HARBER PAPER,3337413854,Grays Harbor Energy Facility,337413854
40015,ADAIR,3337405851,Adair,337405851
40959,SCOOTNEY,3337422973,Scooteney,337422973
46055,PEC,3337420504,PEC Headworks,337420504
40467,GLADE,3337413488,Glade,337413488
47077,SIERRA G,32008902,Sierra,32008902
47103,COSMO_SP_FIB,Sub353097924,Sub353097924,353097924
41240,MOYIE TX,3337418791,Moyie,337418791
41097,TROY,3337429329,Troy,337429329
40907,SACHEEN,3337422525,Sacheen,337422525
40201,CHANDLER,3337409113,Chandler,337409113
45263,RDMNDPPL,3337427914,Redmond,337427914
47047,GLENOMA,3353097684,Glenoma,353097684
45368,OPAL,3337419977,Opal Springs Hydro,337419977
45122,COID,32000215,Coid,32000215
40199,CENTRALA,3337409045,Centralia,337409045
44971,LAKESISK,3337416345,Lake Siskiyou,337416345
45124,COPCO 1,3341136831,Copco 1,341136831
44980,CAMASSW,3337408525,Camas,337408525
45178,FARMRIRR,32000241,Farmrirr,32000241
45172,ENTERPRS,3337411894,Enterprise,337411894
44855,FPL2LT,3337424189,Stateline Wind Project - Washington,337424189
70622,MIS_SITE,3337417460,Manchief Power Station,337417460
47803,CMBHL  2,3337409919,Combine Hills Turbine Ranch,337409919
70637,LIMON3_W,,,
70636,LIMON2_W,,,
70635,LIMON1_W,,,
44277,KITTVALY,3337416063,Kittitas Valley Wind Power Project,337416063
70823,CEDARCK_1A,3349561019,Cedar Creek Wind Energy,349561019
70710,PTZLOGN1,3337420447,Pawnee,337420447
42128,KOMO K,3337416112,Koma Kulshan Associates,337416112
70777,COMAN_3,3337409906,Comanche,337409906
623503,COLSTRIP GN3,,,
623504,COLSTRIP GN4,,,
26039,INTERM1G,3337415260,Intermountain Generating,337415260
26040,INTERM2G,3337415260,Intermountain Generating,337415260
24107,ORMOND1G,3337420044,Ormond Beach,337420044
24108,ORMOND2G,3337420044,Ormond Beach,337420044
15981,NAVAJO 1,3337419093,Navajo (SRP),337419093
15982,NAVAJO 2,3337419093,Navajo (SRP),337419093
15983,NAVAJO 3,3337419093,Navajo (SRP),337419093
36411,DIABLO 1,3337410921,Diablo Canyon,337410921
36412,DIABLO 2,3337410921,Diablo Canyon,337410921
40063,CGS,3337406571,Ashe,337406571
33107,DEC STG1,3337410791,Delta Energy Center (CPN),337410791
26067,SCATT3G,3337422942,Scattergood,337422942
66065,NAUGT G3,3337419089,Naughton,337419089
54130,SUND#3GN,3337424541,Sundance,337424541
65495,EHUNTR 2,3337415041,Hunter Plant,337415041
65490,EHUNTR 1,3337415041,Hunter Plant,337415041
73129,MBPP-1,3337416477,Laramie River,337416477
73130,MBPP-2,3337416477,Laramie River,337416477
10319,SJUAN_G2,3337422748,San Juan 345,337422748
14933,PALOVRD3,3337420266,Palo Verde,337420266
14931,PALOVRD1,3337420266,Palo Verde,337420266
14932,PALOVRD2,3337420266,Palo Verde,337420266
70350,RAWHIDE,3337421614,Rawhide,337421614
65191,BONANZA,3337407771,Bonanza,337407771
43047,BOARD F,3337407727,Boardman (PGE),337407727
70119,COMAN_1,3337409906,Comanche,337409906
18281,RG 4,3337413273,Gardner (NEVP),337413273
70120,COMAN_2,3337409906,Comanche,337409906
10321,SJUAN_G4,3337422748,San Juan 345,337422748
22244,ENCINA 5,3337411844,Encina,337411844
54403,KEEP#3GN,3337415785,Keephills,337415785
10320,SJUAN_G3,3337422748,San Juan 345,337422748
70591,RMEC3,3337422182,Rocky Mountain Energy Center,337422182
65445,DAVEJON4,3337415612,Johnston,337415612
66730,WYODAK 1,3337432924,Wyodak,337432924
79015,CRAIG 1,3337410259,Craig (TSGT),337410259
79016,CRAIG 2,3337410259,Craig (TSGT),337410259
14914,FCNGN4CC,3337412567,Four Corners (AZPS),337412567
65500,EHUNTR 3,3337415041,Hunter Plant,337415041
54490,GENES 39,3337413367,Genesee,337413367
70106,CHEROK4,3337409223,Cherokee (PSCO),337409223
36405,MOSSLND6,3337418723,Moss Landing (DUENNO),337418723
36406,MOSSLND7,3337418723,Moss Landing (DUENNO),337418723
623502,COLSTRIP GN2,,,
623501,COLSTRIP GN1,,,
10318,SJUAN_G1,3337422748,San Juan 345,337422748
14915,FCNGN5CC,3337412567,Four Corners (AZPS),337412567
65800,HUNTN G2,3337415054,Huntington,337415054
79017,CRAIG 3,3337410259,Craig (TSGT),337410259
65795,HUNTN G1,3337415054,Huntington,337415054
14903,CHOLLA4,3337409370,Cholla,337409370
14901,CHOLLA2,3337409370,Cholla,337409370
14902,CHOLLA3,3337409370,Cholla,337409370
64131,VALMY G1,3337419610,North Valmy,337419610
65388,BRIDGER3,,,
65389,BRIDGER4,,,
65387,BRIDGER2,,,
65386,BRIDGER1,,,
35072,LAPLM_G3,3341135432,La Paloma,341135432
35070,LAPLM_G1,3341135432,La Paloma,341135432
35071,LAPLM_G2,3341135432,La Paloma,341135432
35073,LAPLM_G4,3341135432,La Paloma,341135432
16519,SPR GEN4,3337423972,Springerville,337423972
72500,SPR GEN3,,,
70310,PAWNEE,3337420447,Pawnee,337420447
22240,ENCINA 4,3337411844,Encina,337411844
73509,FTRNG3CC,3337419389,Nixon,337419389
70409,ST.VRAIN,3337412524,Fort St. Vrain,337412524
79041,HAYDEN2,3337414471,Hayden,337414471
20190,LRP-U4,3337416196,La Rosita,337416196
20009,PJZ-U9,3337421271,Presidente Juarez (Rosarito),337421271
20008,PJZ-U8,3337421271,Presidente Juarez (Rosarito),337421271
51039,ICG 21G1,3337415342,Island Cogeneration Project,337415342
24129,S.ONOFR2,3337422768,San Onofre,337422768
24130,S.ONOFR3,3337422768,San Onofre,337422768
22981,TDM STG,3337415166,Imperial Valley (Drew),337415166
29000,HIDEDST1,3337414631,Hi Desert,337414631
54774,SECCT1,,,
54775,SECCT2,,,
18407,HIGGINS3,3337406462,Arden,337406462
55497,BAT #5,3337406992,Battle River,337406992
54492,GENES 29,3337413367,Genesee,337413367
54491,GENES 19,3337413367,Genesee,337413367
30000,PTSB  7,3337420869,Pittsburg (MIR),337420869
17030,APACHST3,3337406388,Apache,337406388
17029,APACHST2,3337406388,Apache,337406388
73418,RD_NIXON,3337419389,Nixon,337419389
29041,IEEC-G1,3337415240,Inland Empire Energy,337415240
43019,BEAVER,3337407116,Beaver,337407116
47740,CENTR G1,3337409051,Centralia Switching Station,337409051
47744,CENTR G2,3337409051,Centralia Switching Station,337409051
15971,CORONAD1,3337410112,Coronado,337410112
15972,CORONAD2,3337410112,Coronado,337410112
54773,SECST,,,
14912,FCNGEN 2,3337412567,Four Corners (AZPS),337412567
14913,FCNGEN 3,3337412567,Four Corners (AZPS),337412567
14911,FCNGEN 1,3337412567,Four Corners (AZPS),337412567
70446,VALMONT,3337431484,Valmont (PSCO),337431484
54345,SUND#5GN,3337424541,Sundance,337424541
24124,REDON8 G,3337405921,AES Redondo Beach,337405921
24123,REDON7 G,3337405921,AES Redondo Beach,337405921
54350,SUND#6GN,3337424541,Sundance,337424541
54342,SUND#4GN,3337424541,Sundance,337424541
29042,IEEC-G2,3337415240,Inland Empire Energy,337415240
24161,ALAMT6 G,3337405901,AES Alamitos,337405901
24005,ALAMT5 G,3337405901,AES Alamitos,337405901
55487,SHEER 29,3337423214,Sheerness,337423214
55482,SHEER 1,3337423214,Sheerness,337423214
66060,NAUGT G2,3337419089,Naughton,337419089
76404,DRYFORK,3337413461,Dry Fork Station,337413461
43111,COYO G1,3337410234,Coyote Springs,337410234
54424,KEEP#2GN,3337415785,Keephills,337415785
54422,KEEP#1GN,3337415785,Keephills,337415785
16500,SPR GEN1,3337423972,Springerville,337423972
16501,SPR GEN2,3337423972,Springerville,337423972
43905,PORTW G1,3337421123,Port Of Washington,337421123
14808,GIL-ST3,3337413448,Gila River Power Station,337413448
14805,GIL-ST2,3337413448,Gila River Power Station,337413448
14811,GIL-ST4,3337413448,Gila River Power Station,337413448
79040,HAYDEN1,3337414471,Hayden,337414471
19313,GRIFFTH3,3337414031,Griffith Energy Project,337414031
26005,CASTAI2G,3337408867,Castaic,337408867
24053,MTNVIST4,3337411966,Etiwanda,337411966
24052,MTNVIST3,3337411966,Etiwanda,337411966
24924,MNTV-CT3,3337422714,Mountainview Power,337422714
24925,MNTV-CT4,3337422714,Mountainview Power,337422714
24921,MNTV-CT1,3337422714,Mountainview Power,337422714
24922,MNTV-CT2,3337422714,Mountainview Power,337422714
24926,MNTV-ST2,3337422714,Mountainview Power,337422714
24923,MNTV-ST1,3337422714,Mountainview Power,337422714
14983,RED-ST2,3337421699,Redhawk 1 & 2,337421699
14982,RED-ST1,3337421699,Redhawk 1 & 2,337421699
24004,ALAMT4 G,3337405901,AES Alamitos,337405901
22265,PEN_ST,3337411938,Escondido Peaker,337411938
10396,LEF_S1,3337410804,Luna Energy Facility,337410804
45449,KFALLCT2,3337428363,Klamath Falls,337428363
64855,NEWMONT,3337412100,Falcon,337412100
18436,LENZIE 6,3337409143,Charles Lenzie,337409143
18433,LENZIE 3,3337409143,Charles Lenzie,337409143
18403,SLHWKG3,3337423407,Silverhawk,337423407
18428,HA CC3,3337414364,Harry Allen,337414364
18443,MIRANT3,3337406394,Apex (MIR),337406394
47687,GEP G1,3352750395,Goodnoe Hills East,352750395
26027,HAYNES2G,3337414479,Haynes Generating Station,337414479
26151,HAYNES8G,3337414479,Haynes Generating Station,337414479
26026,HAYNES1G,3337414479,Haynes Generating Station,337414479
26009,CASTAI6G,3337408867,Castaic,337408867
26008,CASTAI5G,3337408867,Castaic,337408867
26007,CASTAI4G,3337408867,Castaic,337408867
26006,CASTAI3G,3337408867,Castaic,337408867
12058,PEGS1,3337411929,Escalante,337411929
36226,DUKMOSS6,3337418723,Moss Landing (DUENNO),337418723
14802,GIL-ST1,3337413448,Gila River Power Station,337413448
26150,VALLEY8G,3337431469,Valley Generating Station,337431469
47640,HPP G2,3337414608,Hermiston Power Project,337414608
47639,HPP G1,3337414608,Hermiston Power Project,337414608
47641,HPP S1,3337414608,Hermiston Power Project,337414608
47590,CHEH S1,3353097789,Napavine,353097789
47589,CHEH G2,3353097789,Napavine,353097789
47588,CHEH G1,3353097789,Napavine,353097789
45448,KFALLCT1,3337428363,Klamath Falls,337428363
45447,KFALL ST,3337428363,Klamath Falls,337428363
35306,RUSELST1,3337411487,East Shore,337411487
36409,MORRO 3,3337418699,Morro Bay,337418699
33106,PTSB  6,3337420869,Pittsburg (MIR),337420869
36410,MORRO 4,3337418699,Morro Bay,337418699
33105,PTSB  5,3337420869,Pittsburg (MIR),337420869
26004,CASTAI1G,3337408867,Castaic,337408867
15169,MES-ST2,3337418040,Mesquite Power,337418040
15166,MES-ST1,3337418040,Mesquite Power,337418040
15165,MES-CT2,3337418040,Mesquite Power,337418040
15164,MES-CT1,3337418040,Mesquite Power,337418040
15168,MES-CT4,3337418040,Mesquite Power,337418040
15167,MES-CT3,3337418040,Mesquite Power,337418040
15926,SANTN 5S,3337422856,Santan,337422856
15142,DBG-ST1,3337410854,Desert Basin,337410854
35076,ELKHIL1G,3337411728,Elk Hills Power Project,337411728
35077,ELKHIL2G,3337411728,Elk Hills Power Project,337411728
35078,ELKHIL3G,3337411728,Elk Hills Power Project,337411728
35079,TEXSUNST,3341135433,Sunrise Power Project,341135433
64132,VALMY G2,3337419610,North Valmy,337419610
64954,TRACYW10,3337429216,Tracy & Clark Mountain,337429216
36223,DUKMOSS3,3337418723,Moss Landing (DUENNO),337418723
57274,MACKAY2,3337509719,MacKay,337509719
58187,CECGT,3337430291,Bedding,337430291
45456,HERM 2G,3337414608,Hermiston Power Project,337414608
45454,HERM 1G,3337414608,Hermiston Power Project,337414608
47577,FREDST G,3353097497,Frederickson (PSPL),353097497
48516,COYO G2,3337410234,Coyote Springs,337410234
47216,RVR RD C,3352750116,River Road,352750116
35883,MEC STG1,3337418053,Metcalf Energy Center,337418053
35882,MEC CTG2,3337418053,Metcalf Energy Center,337418053
35881,MEC CTG1,3337418053,Metcalf Energy Center,337418053
31925,COLUSST1,3341135521,Tap,341135521
31923,COLUSGT1,3341135521,Tap,341135521
31924,COLUSGT2,3341135521,Tap,341135521
33120,GATEWAY3,3360295330,Gateway (PG),360295330
33118,GATEWAY1,3360295330,Gateway (PG),360295330
33119,GATEWAY2,3360295330,Gateway (PG),360295330
32900,CRCKTCOG,3337410341,Crockett Cogen,337410341
33113,LMECST1,3337417085,Los Medanos Energy Center,337417085
33111,LMECCT2,3337417085,Los Medanos Energy Center,337417085
33112,LMECCT1,3337417085,Los Medanos Energy Center,337417085
33108,DEC CTG1,3337410791,Delta Energy Center (CPN),337410791
33110,DEC CTG3,3337410791,Delta Energy Center (CPN),337410791
33109,DEC CTG2,3337410791,Delta Energy Center (CPN),337410791
15147,ARL-ST1,3337406487,Arlington Valley,337406487
15145,ARL-CT1,3337406487,Arlington Valley,337406487
15146,ARL-CT2,3337406487,Arlington Valley,337406487
65393,CURRNTS1,3337410456,Currant Creek,337410456
24048,ELSEG4 G,3337411677,El Segundo,337411677
24047,ELSEG3 G,3337411677,El Segundo,337411677
60397,BTMT CT1,3337407288,Hot Springs Windfarm,337407288
24003,ALAMT3 G,3337405901,AES Alamitos,337405901
54129,SUND#1GN,3337424541,Sundance,337424541
47568,LANCAS G,3337416431,Lancaster,337416431
54338,SUND#2GN,3337424541,Sundance,337424541
24984,TOT276L3,,,
24985,TOT276L4,,,
24982,TOT276L1,,,
24983,TOT276L2,,,
14968,WPCC5ST1,3337432295,West Phoenix CC4 & CC5,337432295
43907,PORTW S1,3337421123,Port Of Washington,337421123
19032,HOVRN1N2,3337414883,Hoover NV,337414883
19034,HOVRN5N6,3337414883,Hoover NV,337414883
19035,HOVRN7N8,3337414883,Hoover NV,337414883
19028,HOVRA1A2,3337414882,Hoover AZ,337414882
19033,HOVRN3N4,3337414883,Hoover NV,337414883
29904,ELSEG5GT,3337411677,El Segundo,337411677
29902,ELSEG7GT,3337411677,El Segundo,337411677
47675,MNTFRM G,3337417033,Mint Farm Energy Center LLC,337417033
20010,CCBC-U1,3337421271,Presidente Juarez (Rosarito),337421271
47598,GRYHB S1,3337413854,Grays Harbor Energy Facility,337413854
47597,GRYHB G2,3337413854,Grays Harbor Energy Facility,337413854
47596,GRYHB G1,3337413854,Grays Harbor Energy Facility,337413854
33189,MARSHCT2,3337410014,Contra Costa,337410014
33188,MARSHCT1,3337410014,Contra Costa,337410014
33190,MARSHCT3,,,
33191,MARSHCT4,,,
67906,LAKSDCT3,3337416343,Lake Side Power Plant,337416343
67908,LAKSDST2,3337416343,Lake Side Power Plant,337416343
51125,MCA 16G5,,,
67907,LAKSDCT4,3337416343,Lake Side Power Plant,337416343
60268,CC_CT C1,6.00111E+12,Langley (evi),600110901
50637,MCA 16G1,3337418091,Mica,337418091
50638,MCA 16G2,3337418091,Mica,337418091
50639,MCA 16G3,3337418091,Mica,337418091
50640,MCA 16G4,3337418091,Mica,337418091
20188,LRP-U2,3337416196,La Rosita,337416196
20189,LRP-U3,3337416196,La Rosita,337416196
22997,INTBCT,3337416196,La Rosita,337416196
20187,LRP-U1,3337416196,La Rosita,337416196
29209,BLY1ST1,3337407718,Blythe 2,337407718
15161,HGC-CT3,3337414330,Harquahala Valley,337414330
51032,REV 16G5,3337421795,Revelstoke,337421795
50646,REV 13G3,3337421795,Revelstoke,337421795
50647,REV 13G4,3337421795,Revelstoke,337421795
50644,REV 13G1,3337421795,Revelstoke,337421795
50645,REV 13G2,3337421795,Revelstoke,337421795
15159,HGC-CT2,3337414330,Harquahala Valley,337414330
15157,HGC-CT1,3337414330,Harquahala Valley,337414330
22607,OTAYMST1,3337420100,Otay Mesa,337420100
66439,LAKSDST1,3337416343,Lake Side Power Plant,337416343
46847,ROCKYR07,3337422187,Rocky Reach,337422187
46842,ROCKYR02,3337422187,Rocky Reach,337422187
46844,ROCKYR04,3337422187,Rocky Reach,337422187
46843,ROCKYR03,3337422187,Rocky Reach,337422187
46846,ROCKYR06,3337422187,Rocky Reach,337422187
46845,ROCKYR05,3337422187,Rocky Reach,337422187
46841,ROCKYR01,3337422187,Rocky Reach,337422187
40295,COULEE21,3337413746,Grand Coulee,337413746
40293,COULEE20,3337413746,Grand Coulee,337413746
40291,COULEE19,3337413746,Grand Coulee,337413746
46848,ROCKYR08,3337422187,Rocky Reach,337422187
46849,ROCKYR09,3337422187,Rocky Reach,337422187
46851,ROCKYR11,3337422187,Rocky Reach,337422187
46850,ROCKYR10,3337422187,Rocky Reach,337422187
40298,COULEE24,3337413746,Grand Coulee,337413746
40297,COULEE23,3337413746,Grand Coulee,337413746
40296,COULEE22,3337413746,Grand Coulee,337413746
35305,RUSELCT2,3337411487,East Shore,337411487
35304,RUSELCT1,3337411487,East Shore,337411487
45541,SWIFT2-1,3337424647,Swift,337424647
29002,HIDEDCT2,3337414631,Hi Desert,337414631
29003,HIDEDCT1,3337414631,Hi Desert,337414631
29001,HIDEDCT3,3337414631,Hi Desert,337414631
46468,BOUNDG53,3337407846,Boundary,337407846
46464,BOUNDG51,3337407846,Boundary,337407846
46470,BOUNDG54,3337407846,Boundary,337407846
474415,CHEM#5,,,
42033,FERNDL L,30004351,Terrell Creek,30004351
42031,FERNDL 1,30004351,Terrell Creek,30004351
42032,FERNDL 2,30004351,Terrell Creek,30004351
46466,BOUNDG52,3337407846,Boundary,337407846
43018,BEAVER8,3337407116,Beaver,337407116
47104,WELLS T1,3337432169,Wells (DOPD),337432169
47106,WELLS T3,3337432169,Wells (DOPD),337432169
47108,WELLS T5,3337432169,Wells (DOPD),337432169
47107,WELLS T4,3337432169,Wells (DOPD),337432169
46297,ENIDRD,Found Rd.,Enid Rd.,52000149
47105,WELLS T2,3337432169,Wells (DOPD),337432169
45542,SWIFT2-2,3337424647,Swift,337424647
474422,COFF13B,,,
44044,TDA 0708,3337428918,The Dalles Ph,337428918
45546,SWIFT1-3,3337424647,Swift,337424647
48287,NOXON34,3337419718,Noxon Rapids,337419718
46474,BOUNDG56,3337407846,Boundary,337407846
41303,BIG CLIF,3337407419,Big Cliff,337407419
48241,MONROEA,3337418515,Monroe Street,337418515
474412,CHEM#2,,,
40284,COULEP34,3337413746,Grand Coulee,337413746
41722,COULEE02,3337413746,Grand Coulee,337413746
41729,COULEE09,3337413746,Grand Coulee,337413746
41735,COULEE15,3337413746,Grand Coulee,337413746
41734,COULEE14,3337413746,Grand Coulee,337413746
41733,COULEE13,3337413746,Grand Coulee,337413746
41726,COULEE06,3337413746,Grand Coulee,337413746
41725,COULEE05,3337413746,Grand Coulee,337413746
41724,COULEE04,3337413746,Grand Coulee,337413746
41738,COULEE18,3337413746,Grand Coulee,337413746
41737,COULEE17,3337413746,Grand Coulee,337413746
41736,COULEE16,3337413746,Grand Coulee,337413746
41732,COULEE12,3337413746,Grand Coulee,337413746
41731,COULEE11,3337413746,Grand Coulee,337413746
41730,COULEE10,3337413746,Grand Coulee,337413746
41728,COULEE08,3337413746,Grand Coulee,337413746
41727,COULEE07,3337413746,Grand Coulee,337413746
40282,COULEP12,3337413746,Grand Coulee,337413746
41721,COULEE01,3337413746,Grand Coulee,337413746
40286,COULEP56,3337413746,Grand Coulee,337413746
41723,COULEE03,3337413746,Grand Coulee,337413746
47660,KLAM ADD,3341136828,COB Energy Facility,341136828
44047,TDA 1314,3337428918,The Dalles Ph,337428918
46184,WANAPM05,3337431517,Vantage,337431517
46188,WANAPM09,3337431517,Vantage,337431517
43119,COYO S1,3337410234,Coyote Springs,337410234
474421,COFF13A,,,
51036,SEV 13G4,3337423126,Seven Mile,337423126
50495,GMS 13G1,3337413667,Gordon M. Shrum,337413667
40278,COULEPG1,3337413746,Grand Coulee,337413746
40279,COULEPG2,3337413746,Grand Coulee,337413746
44050,TDA 1920,3337428918,The Dalles Ph,337428918
44049,TDA 1718,3337428918,The Dalles Ph,337428918
44051,TDA 2122,3337428918,The Dalles Ph,337428918
46472,BOUNDG55,3337407846,Boundary,337407846
44048,TDA 1516,3337428918,The Dalles Ph,337428918
46733,LAGRND5,3337416168,La Grande,337416168
44148,CHJ 1516,3337409315,Chief Joseph,337409315
44146,CHJ 1112,3337409315,Chief Joseph,337409315
44147,CHJ 1314,3337409315,Chief Joseph,337409315
44874,EVRGNBIO,No idea,Evergreen,52000141
44145,CHJ 0910,3337409315,Chief Joseph,337409315
44108,MCN 08,3337417877,McNary,337417877
44107,MCN 07,3337417877,McNary,337417877
44110,MCN 10,3337417877,McNary,337417877
44109,MCN 09,3337417877,McNary,337417877
50768,SEV 13G3,3337423126,Seven Mile,337423126
50766,SEV 13G1,3337423126,Seven Mile,337423126
46792,WYNOOCHE,3337405809,Aberdeen,337405809
48173,KETTLEAV,3337415904,Kettle Falls,337415904
47688,GEC S1,3352750395,Goodnoe Hills East,352750395
42011,ENSERCH1,3337411848,Encogen NW,337411848
42012,ENSERCH2,3337411848,Encogen NW,337411848
42013,ENSERCH3,3337411848,Encogen NW,337411848
42014,ENSERCHL,3337411848,Encogen NW,337411848
48168,IEP-B,30004888,I.E. Paper,30004888
48283,NOXON 5,3337419718,Noxon Rapids,337419718
48166,IEP-A,30004888,I.E. Paper,30004888
46186,WANAPM07,3337431517,Vantage,337431517
47311,FINLEY G,3337412257,Finley,337412257
46655,SUMERFA2,3337424492,Summer Falls,337424492
46653,SUMERFA1,3337424492,Summer Falls,337424492
44001,BON 0102,3337407786,Bonneville,337407786
79150,GLENC1-2,3337413510,Glen Canyon,337413510
50767,SEV 13G2,3337423126,Seven Mile,337423126
48285,NOXON12,3337419718,Noxon Rapids,337419718
43017,BEAVER,3337407116,Beaver,337407116
44271,LOP 01,3337417045,Lookout Point,337417045
44272,LOP 02,3337417045,Lookout Point,337417045
60100,BRWNL 5,3337408135,Brownlee,337408135
50497,GMS 13G3,3337413667,Gordon M. Shrum,337413667
50499,GMS 13G5,3337413667,Gordon M. Shrum,337413667
46671,ALDER1,3337406074,Alder,337406074
46672,ALDER2,3337406074,Alder,337406074
21963,NBGEN1,3337407954,Brawley - SCE,337407954
21964,NBGEN2,,,
44005,BON 0910,3337407786,Bonneville,337407786
42117,SAWMILL,3337412666,Fredonia (PSPL),337412666
42022,SUMAS L,3337424487,Sumas Cogeneration Company LP,337424487
44839,RFP,,,
44142,CHJ 0304,3337409315,Chief Joseph,337409315
44144,CHJ 0708,3337409315,Chief Joseph,337409315
46606,SIMP_GEN,30004598,Simpson,30004598
40555,HUNGHR12,3337415035,Hungry Horse,337415035
44141,CHJ 0102,3337409315,Chief Joseph,337409315
44143,CHJ 0506,3337409315,Chief Joseph,337409315
24090,MANDLY2G,3337417462,Mandalay,337417462
47446,LVF89,3337417034,Longview Fibre Co.,337417034
40363,DWOR 2,3337411304,Dworshak,337411304
40361,DWOR 1,3337411304,Dworshak,337411304
40030,ALBENI F2,3337406039,Albeni Falls,337406039
40028,ALBENI F1,3337406039,Albeni Falls,337406039
42351,TOLT RIV,3353097610,Tolt,353097610
44045,TDA 0910,3337428918,The Dalles Ph,337428918
44046,TDA 1112,3337428918,The Dalles Ph,337428918
44234,LWG 06,3337417159,Lower Granite,337417159
44254,LMN 06,3337417166,Lower Monumental,337417166
79153,GLENC7-8,3337413510,Glen Canyon,337413510
35004,SUNSET G,3337418183,Midway Sunset Cogen,337418183
46895,RI SOUTH,3337422131,Rock Island Powerhouse,337422131
46893,RI NORTH,3337422131,Rock Island Powerhouse,337422131
48267,NINEMI34,3337419372,Nine Mile,337419372
47658,MORRO G1,3337418705,Morrow Power Program,337418705
48526,BOULDERG,3337407839,Boulder Park,337407839
44112,MCN 12,3337417877,McNary,337417877
44111,MCN 11,3337417877,McNary,337417877
45026,BIOMASS,3337407509,Biomass One L/P,337407509
45545,SWIFT1-2,3337424647,Swift,337424647
44004,BON 0708,3337407786,Bonneville,337407786
44003,BON 0506,3337407786,Bonneville,337407786
45544,SWIFT1-1,3337424647,Swift,337424647
44154,CHJ 2627,3337409315,Chief Joseph,337409315
44153,CHJ 25,3337409315,Chief Joseph,337409315
44002,BON 0304,3337407786,Bonneville,337407786
46173,PRIEST04,3337421284,Priest Rapids,337421284
46171,PRIEST02,3337421284,Priest Rapids,337421284
65440,DAVEJON3,3337415612,Johnston,337415612
46170,PRIEST01,3337421284,Priest Rapids,337421284
44007,BON 1314,3337407786,Bonneville,337407786
44213,LGS 05,3337416876,Little Goose Ph,337416876
44214,LGS 06,3337416876,Little Goose Ph,337416876
44008,BON 1516,3337407786,Bonneville,337407786
44009,BON 1718,3337407786,Bonneville,337407786
44006,BON 1112,3337407786,Bonneville,337407786
42137,LO BAKR4,,,
42021,SUMAS 1,3337424487,Sumas Cogeneration Company LP,337424487
46420,DIABLO32,3337410919,Diablo,337410919
24066,HUNT1  G,3337405912,AES Huntington Beach,337405912
24067,HUNT2  G,3337405912,AES Huntington Beach,337405912
79152,GLENC5-6,3337413510,Glen Canyon,337413510
79151,GLENC3-4,3337413510,Glen Canyon,337413510
24089,MANDLY1G,3337417462,Mandalay,337417462
24319,EASTWOOD,3337407423,Big Creek 1,337407423
40365,DWOR 3,3337411304,Dworshak,337411304
48407,SPKWASTE,3337423936,Ross Park,337423936
47016,BOX CAN4,3337407878,Box Canyon (PEND),337407878
47014,BOX CAN3,3337407878,Box Canyon (PEND),337407878
47012,BOX CAN2,3337407878,Box Canyon (PEND),337407878
47010,BOX CAN1,3337407878,Box Canyon (PEND),337407878
45457,HERM 2S,3337414608,Hermiston Power Project,337414608
45455,HERM 1S,3337414608,Hermiston Power Project,337414608
42043,WHITHRN3,3337432511,Whitehorn,337432511
42042,WHITHRN2,3337432511,Whitehorn,337432511
42131,MRPTGEN1,3353097595,Texaco,353097595
42132,MRPTGEN2,3353097595,Texaco,353097595
42133,MRPTGEN3,3353097595,Texaco,353097595
42124,UP BAKER,3337431361,Upper Baker,337431361
42134,MRPTGENL,3353097595,Texaco,353097595
44870,TIETON,3353097957,Tieton,353097957
46419,DIABLO31,3337410919,Diablo,337410919
45689,JACKSN2,3337415440,Jackson Hydroelectric #2157,337415440
45687,JACKSN1,3337415440,Jackson Hydroelectric #2157,337415440
45690,JACKSN34,3337415440,Jackson Hydroelectric #2157,337415440
47576,FREDST S,3353097497,Frederickson (PSPL),353097497
48518,COYO S2,3337410234,Coyote Springs,337410234
46627,MOSSYRK1,3337418728,Mossyrock,337418728
46623,MAYFILD1,3337417739,Mayfield,337417739
46624,MAYFILD2,3337417739,Mayfield,337417739
46628,MOSSYRK2,3337418728,Mossyrock,337418728
47290,WAUNA,3337432057,Wauna,337432057
43189,FARADAY,3337412135,Faraday,337412135
43359,NORTH FK,3337419516,North Fork,337419516
40344,DETROIT,3337410875,Detroit,337410875
43490,ROUND B3,3337422305,Round Butte,337422305
43486,ROUND B1,3337422305,Round Butte,337422305
43407,PELTON,3337420530,Pelton,337420530
41306,LOST CRK,3337417088,Lost Creek,337417088
37581,SPRINGCR,3337423955,Spring Creek - USBRCO,337423955
44233,LWG 05,3337417159,Lower Granite,337417159
50498,GMS 13G4,3337413667,Gordon M. Shrum,337413667
44150,CHJ 1920,3337409315,Chief Joseph,337409315
44152,CHJ 2324,3337409315,Chief Joseph,337409315
50496,GMS 13G2,3337413667,Gordon M. Shrum,337413667
44151,CHJ 2122,3337409315,Chief Joseph,337409315
44149,CHJ 1718,3337409315,Chief Joseph,337409315
45351,YALE GEN,3337432946,Yale,337432946
41298,SMITHFLS,3337423526,Smith Falls Hydroelectric Proj,337423526
50504,GMS13G10,3337413667,Gordon M. Shrum,337413667
44253,LMN 05,3337417166,Lower Monumental,337417166
50503,GMS 13G9,3337413667,Gordon M. Shrum,337413667
50502,GMS 13G8,3337413667,Gordon M. Shrum,337413667
50501,GMS 13G7,3337413667,Gordon M. Shrum,337413667
50500,GMS 13G6,3337413667,Gordon M. Shrum,337413667
44194,LIB 04,3337416751,Libby - PACIF,337416751
48275,NORTHEAS,3337419633,Northeast (WWPC),337419633
44078,JDA 1516,3337415584,John Day Ph,337415584
44195,LIB 05,3337416751,Libby - PACIF,337416751
44043,TDA 0506,3337428918,The Dalles Ph,337428918
44191,LIB 01,3337416751,Libby - PACIF,337416751
43488,ROUND B2,3337422305,Round Butte,337422305
44192,LIB 02,3337416751,Libby - PACIF,337416751
46181,WANAPM02,3337431892,Wanapum,337431892
46180,WANAPM01,3337431892,Wanapum,337431892
44193,LIB 03,3337416751,Libby - PACIF,337416751
46185,WANAPM06,3337431517,Vantage,337431517
46187,WANAPM08,3337431517,Vantage,337431517
46183,WANAPM04,3337431892,Wanapum,337431892
46182,WANAPM03,3337431892,Wanapum,337431892
40561,ICE H2-3,3337415125,Ice Harbor,337415125
40562,ICE H2-4,,,
44211,LGS 0102,3337416876,Little Goose Ph,337416876
44212,LGS 0304,3337416876,Little Goose Ph,337416876
40563,ICE H3-5,3337415125,Ice Harbor,337415125
46177,PRIEST08,3337421284,Priest Rapids,337421284
46175,PRIEST06,3337421284,Priest Rapids,337421284
46174,PRIEST05,3337421284,Priest Rapids,337421284
46176,PRIEST07,3337421284,Priest Rapids,337421284
42121,LO BAKER,3337417152,Lower Baker,337417152
25102,MRCHNT23,3337417997,Merchant,337417997
46441,ROSS 44,3337422288,Ross Dam,337422288
46439,ROSS 42,3337422288,Ross Dam,337422288
46268,WEYCO 4,3352749932,Weyerhaeuser 3,352749932
44231,LWG 0102,3337417159,Lower Granite,337417159
46889,RI STUB1,3337422131,Rock Island Powerhouse,337422131
46891,RI STUB2,3337422131,Rock Island Powerhouse,337422131
44232,LWG 0304,3337417159,Lower Granite,337417159
40560,ICE H1-2,,,
40559,ICE H1-1,3337415125,Ice Harbor,337415125
44251,LMN 0102,3337417166,Lower Monumental,337417166
47569,LANCAS S,3337416431,Lancaster,337416431
40564,ICE H3-6,,,
48061,CABGOR12,3337408422,Cabinet Gorge,337408422
48063,CABGOR34,3337408422,Cabinet Gorge,337408422
44252,LMN 0304,3337417166,Lower Monumental,337417166
44273,LOP 03,3337417045,Lookout Point,337417045
44106,MCN 06,3337417877,McNary,337417877
44105,MCN 05,3337417877,McNary,337417877
54154,BRAZ#2 9,3337407956,Brazeau Hydro,337407956
45344,MERWIN 3,3337418030,Merwin,337418030
44052,TDA F1F2,3337428918,The Dalles Ph,337428918
48361,RATHGEN2,3353098165,Rathdrum Power LLC,353098165
48359,RATHGEN1,3353098165,Rathdrum Power LLC,353098165
45340,MERWIN 1,3337418030,Merwin,337418030
45342,MERWIN 2,3337418030,Merwin,337418030
46189,WANAPM10,3337431517,Vantage,337431517
44103,MCN 03,3337417877,McNary,337417877
44104,MCN 04,3337417877,McNary,337417877
44102,MCN 02,3337417877,McNary,337417877
44101,MCN 01,3337417877,McNary,337417877
46172,PRIEST03,3337421284,Priest Rapids,337421284
40484,GREEN PT,3337413909,Green Peter,337413909
34327,PANO_BS2,3353401443,Panoche Energy Center,353401443
34326,PANO_BS1,3353401443,Panoche Energy Center,353401443
18803,CLARKPB3,3337409518,Clark (NEVP),337409518
40032,ALBENI F3,3337406039,Albeni Falls,337406039
42721,FREDERC1,3353097497,Frederickson (PSPL),353097497
42722,FREDERC2,3353097497,Frederickson (PSPL),353097497
44073,JDA 0506,3337415584,John Day Ph,337415584
44071,JDA 0102,3337415584,John Day Ph,337415584
44072,JDA 0304,3337415584,John Day Ph,337415584
47676,MNTFRM S,3337417033,Mint Farm Energy Center LLC,337417033
44074,JDA 0708,3337415584,John Day Ph,337415584
44075,JDA 0910,3337415584,John Day Ph,337415584
44076,JDA 1112,3337415584,John Day Ph,337415584
44041,TDA 0102,3337428918,The Dalles Ph,337428918
44042,TDA 0304,3337428918,The Dalles Ph,337428918
40556,HUNGHR34,3337415035,Hungry Horse,337415035
44077,JDA 1314,3337415584,John Day Ph,337415584
42111,FREDONA1,3337412666,Fredonia (PSPL),337412666
42112,FREDONA2,3337412666,Fredonia (PSPL),337412666
18802,CLARKPB2,3337409518,Clark (NEVP),337409518
18801,CLARKPB1,3337409518,Clark (NEVP),337409518
46790,CUSHMN12,3337410467,Cushman 1,337410467
46789,CUSHMN11,3337410467,Cushman 1,337410467
48482,CWGEN3,30004852,Clearwater,30004852
44114,MCN 14,3337417877,McNary,337417877
44113,MCN 13,3337417877,McNary,337417877
42115,FREDONA4,3337412666,Fredonia (PSPL),337412666
42114,FREDONA3,3337412666,Fredonia (PSPL),337412666
48483,CWGEN4,30004852,Clearwater,30004852
46178,PRIEST09,3337421284,Priest Rapids,337421284
46179,PRIEST10,3337421284,Priest Rapids,337421284
46791,CUSHMN2,3337410468,Cushman 2,337410468
46266,WEYCO 3,3352749932,Weyerhaeuser 3,352749932
46210,CARMEN,3337408764,Carmen Smith,337408764
622584,RIMROCKWNDGN,,,
46803,CHELAN,3337409204,Chelan,337409204
45256,LEMOLO1,3337416659,Lemolo 1,337416659
45290,LEMOLO2,3337416660,Lemolo 2,337416660
45116,CLRWATR2,3337409579,Clearwater 2,337409579
45023,BOYLE 1,3337415400,J.C. Boyle,337415400
48227,MEYERSFL,3353097966,Meyers Falls,353097966
46429,GORGE,3337413681,Gorge (SCL),337413681
46430,GORGE 4,3337413681,Gorge (SCL),337413681
43369,OAKGROVE,3352750301,Oak Grove,352750301
45064,BOYLE 2,3337415400,J.C. Boyle,337415400
43465,RIVRMILL,3337421977,River Mill,337421977
43187,FARADAY,3337412135,Faraday,337412135
45439,PELTONR1,3337420531,Pelton Re-Regulation,337420531
41304,COUGAR T,3337410170,Cougar,337410170
41213,HILLS CR,3337414722,Hills Creek,337414722
42336,SNOQPWR2,3337423570,Snoqualmie,337423570
45504,TOKETEE,3337429117,Toketee Falls,337429117
45246,IRONGATE,3337415306,Iron Gate,337415306
46814,ROCKI U6,3337422131,Rock Island Powerhouse,337422131
46812,ROCKI U5,3337422131,Rock Island Powerhouse,337422131
46822,ROCKI U8,3337422131,Rock Island Powerhouse,337422131
46804,ROCKI U2,3337422131,Rock Island Powerhouse,337422131
46820,ROCKI U7,3337422131,Rock Island Powerhouse,337422131
46802,ROCKI U1,3337422131,Rock Island Powerhouse,337422131
46806,ROCKI U3,3337422131,Rock Island Powerhouse,337422131
46810,ROCKI U4,3337422131,Rock Island Powerhouse,337422131
40756,ROZA,3337422351,Roza,337422351
45551,PRSPCT21,3337421332,Prospect 1,337421332
45459,PRSPCT22,3337421332,Prospect 1,337421332
42126,CFALLGEN,3337408945,Cedar Falls (SCL),337408945
44927,COPCO 2G,3337410062,Copco # 2,337410062
46732,LAGRND1,3337416168,La Grande,337416168
45022,BEND GEN,3337407282,Bend,337407282
48435,UPRIVER,3337431382,Upriver Dam,337431382
48335,POSTSTRT,3353098038,Post Street,353098038
44031,FOS 01,3337412544,Foster,337412544
43556,SULIVAN,,,
44032,FOS 02,3337412544,Foster,337412544
48209,LONGLKG3,3337417015,Long Lake,337417015
48211,LONGLKG4,3337417015,Long Lake,337417015
48207,LONGLKG2,3337417015,Long Lake,337417015
48205,LONGLKG1,3337417015,Long Lake,337417015
45212,GREENSPG,3337413922,Green Springs,337413922
48433,UPRIVER,3337431382,Upriver Dam,337431382
47960,STATL W2,3337424189,Stateline Wind Project - Washington,337424189
47944,VANSY W1,3337431516,Vansycle Wind Energy Project,337431516
44843,MARENGO2LT,3349561030,Marengo Wind Project,349561030
47964,9MILE W2,3337424189,Stateline Wind Project - Washington,337424189
42994,DDGJN W1,Found Junction Town,Dodge Junction,52000120
42990,PHLNG W1,Found Sub,Phalen Gulcn,52000119
47464,HSHUB W1,3349561028,Shepherds Flat Wind Farm,349561028
47452,SHPDF W1,3349561028,Shepherds Flat Wind Farm,349561028
47897,WHT F W1,32008816,Jones Canyon,32008816
47469,HSHUB W2,3349561028,Shepherds Flat Wind Farm,349561028
47461,SHPDF W4,3349561028,Shepherds Flat Wind Farm,349561028
47458,SHPDF W3,3349561028,Shepherds Flat Wind Farm,349561028
47455,SHPDF W2,3349561028,Shepherds Flat Wind Farm,349561028
44290,JRDNB W1,,,
47878,HOPKR W1,3337414906,Hopkins Ridge,337414906
47879,HOPKR W2,3337414906,Hopkins Ridge,337414906
47939,TULMN W1,3356868812,Windy Point/Tuolumne,356868812
47479,WNDYF W3B,,,
47477,WNDYF W2B,,,
47498,WNDYF W3,3356868812,Windy Point/Tuolumne,356868812
47495,WNDYF W2,3356868812,Windy Point/Tuolumne,356868812
47981,HRVST W1,3337432474,White Creek Wind Project,337432474
47926,WEBFT W1,3337416080,Klondike Wind Farm,337416080
47389,JNPRC W1,No idea,Juniper,52000116
44845,MARENGO1LT,3349561030,Marengo Wind Project,349561030
48860,PALOUSE_W1,,,
47952,9CANY W2,3337419371,Nine Canyon Wind Project,337419371
42369,WILDH W2,3337432576,Wild Horse Project,337432576
42367,WILDH W1,3337432576,Wild Horse Project,337432576
42372,WILDH W3,3337432576,Wild Horse Project,337432576
47948,9CANY W1,3337419371,Nine Canyon Wind Project,337419371
47985,BIGLW W3,,,
47983,BIGLW W2,,,
47933,BIGLW W1,,,
47810,LJ2 W2,32008816,Jones Canyon,32008816
47866,GDNOE W1,3337413640,Goodnoe,337413640
42377,VANTW W1,3360295245,Vantage Wind Power Project,360295245
47805,CMBHL W2,3337409919,Combine Hills Turbine Ranch,337409919
47384,LINDEN W,No idea,Linden,52000098
47806,LJ2 W1,32008816,Jones Canyon,32008816
44889,ECHOWIND,4.06511E+12,Echo Wind Farm (evi),406510901
47892,RATSN W1,3337406484,Rattlesnake Road Wind Project,337406484
44885,LEANJ W1,3337416601,Leaning Juniper Wind,337416601
47907,WHTCK W2,3337432474,White Creek Wind Project,337432474
47887,PEBBL W1,3356868817,Pebble Springs Wind Project,356868817
47489,GOLDH W1,3352750394,Golden Hills Wind Farm,352750394
47975,STRPT W1,3337416080,Klondike Wind Farm,337416080
47906,WHTCK W1,3337432474,White Creek Wind Project,337432474
44279,KITVL W1,3337416063,Kittitas Valley Wind Power Project,337416063
47974,HCAYN W1,3337416080,Klondike Wind Farm,337416080
69511,TOPW_G,Found Wind Farm,Top of the World,52000095
47799,BIGHR W3,,,
47873,BIGHR W2,3337407440,Big Horn Wind (PPM),337407440
47872,BIGHR W1,3337407440,Big Horn Wind (PPM),337407440
47940,TULMN W1,3356868812,Windy Point/Tuolumne,356868812
47921,KLON W3A,3337416080,Klondike Wind Farm,337416080
47912,KLOND W1,3337416080,Klondike Wind Farm,337416080
47917,KLOND W2,3337416080,Klondike Wind Farm,337416080
47924,KLON W3,3337416080,Klondike Wind Farm,337416080
47995,HORNB W1,3337432634,Willow Creek Winds (Horn Butte Wind),337432634
10997,LONEMS,3356867398,NM Wind Energy Center,356867398
14821,Q43_GEN1,3337415096,Hyder,337415096
36426,T239,,,
23440,DW GEN2 G1,,,
36430,Q166G,,,
24976,TOT223_G,,,
11242,AFTON_N,,,
43429,PTLBRUN2,25052026,Port LeBrun,25052026
43425,PTLBRUN1,25052026,Port LeBrun,25052026
43378,COVANGEN,,,
43375,STONE CR,3337424353,Stone Creek,337424353
42711,ELECTRON,3337411699,Electron,337411699
42341,TWINFALL,3337429437,Twin Falls Hydro,337429437
42332,SNOQCAV2,,,
42331,SNOQCAV1,3337423570,Snoqualmie,337423570
64677,N345,,,
64512,BLACKHWK,6.40591E+12,Blackhawk (evi),640590901
51676,RYC 5C3N,,,
33117,C.COS 7,3337410014,Contra Costa,337410014
33116,C.COS 6,3337410014,Contra Costa,337410014
51655,RYC 5C3M,,,
48333,POSTFLS6,3337421167,Post Falls,337421167
48331,POSTFL15,3337421167,Post Falls,337421167
48321,PLUMMER,3337420995,Plummel,337420995
48265,NINEMI12,3337419372,Nine Mile,337419372
48191,LITFAL34,3337416873,Little Falls (WWPC),337416873
48189,LITFAL12,3337416873,Little Falls (WWPC),337416873
47989,CONDN W1,3337409971,Condon Windpower LLC,337409971
47956,9CANY W3,3337419371,Nine Canyon Wind Project,337419371
47937,WNDYF W1,3356868812,Windy Point/Tuolumne,356868812
15032,PERK PS2,3337420609,Perkins,337420609
15031,PERK PS1,3337420609,Perkins,337420609
47737,BHP 70,3337409051,Centralia Switching Station,337409051
47736,BHP 5060,3337409051,Centralia Switching Station,337409051
47735,BHP 40,3337409051,Centralia Switching Station,337409051
47734,BHP 30,3337409051,Centralia Switching Station,337409051
47731,BHP,3337409051,Centralia Switching Station,337409051
47492,GOLDH W2,3352750394,Golden Hills Wind Farm,352750394
47475,PATU W1,3337410647,De Moss,337410647
47448,LVF23,3337417034,Longview Fibre Co.,337417034
47447,LVF22,3337417034,Longview Fibre Co.,337417034
26907,BEACONPV,,,
26229,KRD500,,,
26227,KRDGEN,,,
26200,COPPMTN3,,,
26160,SCATT7G,,,
26159,SCATT6G,,,
46619,HEADWORK,30004761,Headwork,30004761
26158,SCATT5G,,,
26157,SCATT4G,3337417809,McCullough,337417809
16535,BOWIE_S2,3337407863,Bowie Power Station,337407863
16532,BOWIE_S1,3337407863,Bowie Power Station,337407863
46306,WALTVILE,,,
46304,LEABURGS,,,
16125,IRVNGTN,3337420765,Pinal West,337420765
16124,NLOOP345,3337419547,North Loop,337419547
45549,PRSPCT31,3337421334,Prospect 3,337421334
45528,WESTSID,3337432316,West Side,337432316
45488,SODASPGS,3337423605,Soda Springs,337423605
45486,SLIDECRK,3337423505,Slide Creek,337423505
45485,SLATECRK,3337423493,Slate Creek,337423493
45453,PRSPCT 1,3337421332,Prospect 1,337421332
13401,ARTESIAR,3337406532,Artesia,337406532
45445,PROSPECT,3337421332,Prospect 1,337421332
16115,TORTOLIT,3337429179,Tortolita,337429179
45180,FISHCREK,3337412272,Fish Creek,337412272
45176,FALL CRK,3341136829,Fall Creek,341136829
13400,ARTESIA,3337406532,Artesia,337406532
45170,EASTSID,3337428264,East Side,337428264
45168,EAGLE PT,3337411372,Eagle Point,337411372
45112,CLRWATR1,3337428276,Clearwater 1,337428276
16112,WILLOW,68050059,Willow,68050059
16111,BOWIE,3337407863,Bowie Power Station,337407863
24845,ALBERHIL,,,
44881,CMBHL W1,3337409919,Combine Hills Turbine Ranch,337409919
40346,DEXTER,3337410898,Dexter,337410898
24225,VINMIR12,3337423120,Serrano,337423120
24224,VINMIR11,3337423120,Serrano,337423120
24168,HUNT4  G,3337405912,AES Huntington Beach,337405912
14106,FOURIO11,3337421945,Rio Puerco,337421945
10407,SANRIO11,3337421945,Rio Puerco,337421945
24167,HUNT3  G,3337405912,AES Huntington Beach,337405912
16002,WINCHSTR,,,
16001,TORTLIT2,3337429179,Tortolita,337429179
